cliente_id,mes,segmento,idade,qtd_transacoes_pix,valor_total_pix,canal_preferencial
C0001,2024-01,PF Alta Renda,64,27,10493.97,App
C0001,2024-02,PF Alta Renda,64,21,9773.31,App
C0001,2024-03,PF Alta Renda,64,20,5792.26,App
C0001,2024-04,PF Alta Renda,64,21,3242.92,App
C0001,2024-05,PF Alta Renda,64,24,3724.48,App
C0001,2024-06,PF Alta Renda,64,24,8096.93,App
C0002,2024-01,PF Varejo,59,11,1619.4,App
C0002,2024-02,PF Varejo,59,12,939.81,App
C0002,2024-03,PF Varejo,59,12,1465.99,App
C0002,2024-04,PF Varejo,59,13,1578.59,App
C0002,2024-05,PF Varejo,59,11,643.8,App
C0002,2024-06,PF Varejo,59,13,1883.93,App
C0003,2024-01,PJ Pequeno Negocio,49,47,10964.08,App
C0003,2024-02,PJ Pequeno Negocio,49,36,8586.29,App
C0003,2024-03,PJ Pequeno Negocio,49,42,8237.67,App
C0003,2024-04,PJ Pequeno Negocio,49,34,10349.18,App
C0003,2024-05,PJ Pequeno Negocio,49,45,12648.8,App
C0003,2024-06,PJ Pequeno Negocio,49,39,9030.55,App
C0004,2024-01,PF Alta Renda,68,22,7623.88,App
C0004,2024-02,PF Alta Renda,68,22,12020.12,App
C0004,2024-03,PF Alta Renda,68,27,12947.75,App
C0004,2024-04,PF Alta Renda,68,30,13787.13,App
C0004,2024-05,PF Alta Renda,68,33,17187.06,App
C0004,2024-06,PF Alta Renda,68,26,5717.73,App
C0005,2024-01,PF Varejo,25,13,1306.44,App
C0005,2024-02,PF Varejo,25,14,1763.86,App
C0005,2024-03,PF Varejo,25,15,1867.73,App
C0005,2024-04,PF Varejo,25,11,1129.04,App
C0005,2024-05,PF Varejo,25,12,1829.5,App
C0005,2024-06,PF Varejo,25,15,2153.03,App
C0006,2024-01,PJ Pequeno Negocio,70,56,17249.26,App
C0006,2024-02,PJ Pequeno Negocio,70,70,21219.41,App
C0006,2024-03,PJ Pequeno Negocio,70,58,15345.05,App
C0006,2024-04,PJ Pequeno Negocio,70,63,17965.24,App
C0006,2024-05,PJ Pequeno Negocio,70,56,12237.07,App
C0006,2024-06,PJ Pequeno Negocio,70,53,14057.89,App
C0007,2024-01,PF Alta Renda,66,13,6552.93,App
C0007,2024-02,PF Alta Renda,66,20,11176.78,App
C0007,2024-03,PF Alta Renda,66,22,13099.19,App
C0007,2024-04,PF Alta Renda,66,16,7429.69,App
C0007,2024-05,PF Alta Renda,66,18,7492.75,App
C0007,2024-06,PF Alta Renda,66,18,8112.75,App
C0008,2024-01,PF Alta Renda,46,15,7491.45,Internet Banking
C0008,2024-02,PF Alta Renda,46,15,4048.56,Internet Banking
C0008,2024-03,PF Alta Renda,46,16,6693.98,Internet Banking
C0008,2024-04,PF Alta Renda,46,16,10643.22,Internet Banking
C0008,2024-05,PF Alta Renda,46,15,6714.2,Internet Banking
C0008,2024-06,PF Alta Renda,46,19,8487.75,Internet Banking
C0009,2024-01,PF Varejo,59,10,1205.57,App
C0009,2024-02,PF Varejo,59,13,1043.81,App
C0009,2024-03,PF Varejo,59,12,1090.62,App
C0009,2024-04,PF Varejo,59,12,1181.32,App
C0009,2024-05,PF Varejo,59,13,1663.59,App
C0009,2024-06,PF Varejo,59,12,1377.82,App
C0010,2024-01,PF Varejo,47,12,878.28,App
C0010,2024-02,PF Varejo,47,11,1305.29,App
C0010,2024-03,PF Varejo,47,11,1344.3,App
C0010,2024-04,PF Varejo,47,11,1549.38,App
C0010,2024-05,PF Varejo,47,9,1246.72,App
C0010,2024-06,PF Varejo,47,14,2384.96,App
C0011,2024-01,PF Varejo,33,12,2140.75,App
C0011,2024-02,PF Varejo,33,13,1551.36,App
C0011,2024-03,PF Varejo,33,11,1011.95,App
C0011,2024-04,PF Varejo,33,12,1285.2,App
C0011,2024-05,PF Varejo,33,13,1233.91,App
C0011,2024-06,PF Varejo,33,14,1752.56,App
C0012,2024-01,PJ Pequeno Negocio,63,37,6759.04,App
C0012,2024-02,PJ Pequeno Negocio,63,30,8748.52,App
C0012,2024-03,PJ Pequeno Negocio,63,40,10589.63,App
C0012,2024-04,PJ Pequeno Negocio,63,28,7151.86,App
C0012,2024-05,PJ Pequeno Negocio,63,24,7813.88,App
C0012,2024-06,PJ Pequeno Negocio,63,34,8653.84,App
C0013,2024-01,PF Varejo,32,3,317.69,App
C0013,2024-02,PF Varejo,32,3,322.77,App
C0013,2024-03,PF Varejo,32,3,362.09,App
C0013,2024-04,PF Varejo,32,3,459.01,App
C0013,2024-05,PF Varejo,32,2,307.95,App
C0013,2024-06,PF Varejo,32,3,310.23,App
C0014,2024-01,PF Alta Renda,35,18,5862.33,App
C0014,2024-02,PF Alta Renda,35,29,11373.74,App
C0014,2024-03,PF Alta Renda,35,22,9870.43,App
C0014,2024-04,PF Alta Renda,35,23,3600.7,App
C0014,2024-05,PF Alta Renda,35,23,6546.36,App
C0014,2024-06,PF Alta Renda,35,18,8385.67,App
C0015,2024-01,PF Varejo,47,6,716.77,Internet Banking
C0015,2024-02,PF Varejo,47,5,490.3,Internet Banking
C0015,2024-03,PF Varejo,47,4,473.4,Internet Banking
C0015,2024-04,PF Varejo,47,5,497.47,Internet Banking
C0015,2024-05,PF Varejo,47,5,529.37,Internet Banking
C0015,2024-06,PF Varejo,47,6,926.8,Internet Banking
C0016,2024-01,PF Varejo,65,16,3054.05,App
C0016,2024-02,PF Varejo,65,16,1837.99,App
C0016,2024-03,PF Varejo,65,12,1542.99,App
C0016,2024-04,PF Varejo,65,6,844.29,App
C0016,2024-05,PF Varejo,65,1,154.4,App
C0016,2024-06,PF Varejo,65,1,105.34,App
C0017,2024-01,PF Varejo,39,7,684.29,App
C0017,2024-02,PF Varejo,39,6,756.38,App
C0017,2024-03,PF Varejo,39,7,866.6,App
C0017,2024-04,PF Varejo,39,6,838.18,App
C0017,2024-05,PF Varejo,39,8,1101.39,App
C0017,2024-06,PF Varejo,39,7,353.9,App
C0018,2024-01,PF Varejo,46,16,2599.16,App
C0018,2024-02,PF Varejo,46,14,1809.27,App
C0018,2024-03,PF Varejo,46,16,1584.79,App
C0018,2024-04,PF Varejo,46,15,2098.72,App
C0018,2024-05,PF Varejo,46,17,2422.77,App
C0018,2024-06,PF Varejo,46,15,1880.97,App
C0019,2024-01,PF Alta Renda,20,21,5315.33,App
C0019,2024-02,PF Alta Renda,20,23,9283.85,App
C0019,2024-03,PF Alta Renda,20,19,11119.04,App
C0019,2024-04,PF Alta Renda,20,20,5905.93,App
C0019,2024-05,PF Alta Renda,20,21,10663.19,App
C0019,2024-06,PF Alta Renda,20,19,6251.01,App
C0020,2024-01,PF Varejo,24,14,1156.08,App
C0020,2024-02,PF Varejo,24,11,1017.34,App
C0020,2024-03,PF Varejo,24,8,848.88,App
C0020,2024-04,PF Varejo,24,3,290.88,App
C0020,2024-05,PF Varejo,24,1,111.68,App
C0020,2024-06,PF Varejo,24,1,81.13,App
C0021,2024-01,PF Alta Renda,21,30,12889.69,App
C0021,2024-02,PF Alta Renda,21,29,11833.05,App
C0021,2024-03,PF Alta Renda,21,26,14806.38,App
C0021,2024-04,PF Alta Renda,21,22,10140.78,App
C0021,2024-05,PF Alta Renda,21,29,11228.7,App
C0021,2024-06,PF Alta Renda,21,29,12156.01,App
C0022,2024-01,PF Varejo,22,8,871.37,App
C0022,2024-02,PF Varejo,22,8,1074.53,App
C0022,2024-03,PF Varejo,22,6,982.02,App
C0022,2024-04,PF Varejo,22,2,243.63,App
C0022,2024-05,PF Varejo,22,0,0.0,App
C0022,2024-06,PF Varejo,22,0,0.0,App
C0023,2024-01,PJ Pequeno Negocio,67,13,4024.91,App
C0023,2024-02,PJ Pequeno Negocio,67,13,4954.68,App
C0023,2024-03,PJ Pequeno Negocio,67,14,3423.03,App
C0023,2024-04,PJ Pequeno Negocio,67,14,3674.74,App
C0023,2024-05,PJ Pequeno Negocio,67,13,2432.91,App
C0023,2024-06,PJ Pequeno Negocio,67,12,1856.8,App
C0024,2024-01,PJ Pequeno Negocio,65,14,3047.33,Internet Banking
C0024,2024-02,PJ Pequeno Negocio,65,13,2745.17,Internet Banking
C0024,2024-03,PJ Pequeno Negocio,65,15,3842.45,Internet Banking
C0024,2024-04,PJ Pequeno Negocio,65,15,4314.76,Internet Banking
C0024,2024-05,PJ Pequeno Negocio,65,17,4112.25,Internet Banking
C0024,2024-06,PJ Pequeno Negocio,65,15,3164.25,Internet Banking
C0025,2024-01,PF Alta Renda,64,28,8567.74,App
C0025,2024-02,PF Alta Renda,64,21,11856.34,App
C0025,2024-03,PF Alta Renda,64,20,11302.73,App
C0025,2024-04,PF Alta Renda,64,28,12210.66,App
C0025,2024-05,PF Alta Renda,64,31,12964.11,App
C0025,2024-06,PF Alta Renda,64,26,4355.71,App
C0026,2024-01,PF Varejo,21,7,793.88,Internet Banking
C0026,2024-02,PF Varejo,21,7,873.41,Internet Banking
C0026,2024-03,PF Varejo,21,10,1273.35,Internet Banking
C0026,2024-04,PF Varejo,21,9,878.03,Internet Banking
C0026,2024-05,PF Varejo,21,10,1592.82,Internet Banking
C0026,2024-06,PF Varejo,21,8,926.24,Internet Banking
C0027,2024-01,PF Varejo,22,8,1233.38,App
C0027,2024-02,PF Varejo,22,7,609.97,App
C0027,2024-03,PF Varejo,22,7,822.1,App
C0027,2024-04,PF Varejo,22,7,1148.22,App
C0027,2024-05,PF Varejo,22,5,520.7,App
C0027,2024-06,PF Varejo,22,7,355.42,App
C0028,2024-01,PF Varejo,33,4,373.6,App
C0028,2024-02,PF Varejo,33,4,285.28,App
C0028,2024-03,PF Varejo,33,5,802.91,App
C0028,2024-04,PF Varejo,33,4,498.65,App
C0028,2024-05,PF Varejo,33,4,356.4,App
C0028,2024-06,PF Varejo,33,4,421.01,App
C0029,2024-01,PF Varejo,50,8,1332.65,Internet Banking
C0029,2024-02,PF Varejo,50,9,1081.34,Internet Banking
C0029,2024-03,PF Varejo,50,6,797.3,Internet Banking
C0029,2024-04,PF Varejo,50,3,343.62,Internet Banking
C0029,2024-05,PF Varejo,50,0,0.0,Internet Banking
C0029,2024-06,PF Varejo,50,0,0.0,Internet Banking
C0030,2024-01,PF Alta Renda,37,27,10562.22,Internet Banking
C0030,2024-02,PF Alta Renda,37,27,10267.87,Internet Banking
C0030,2024-03,PF Alta Renda,37,24,9889.78,Internet Banking
C0030,2024-04,PF Alta Renda,37,25,9671.77,Internet Banking
C0030,2024-05,PF Alta Renda,37,27,8091.88,Internet Banking
C0030,2024-06,PF Alta Renda,37,24,9990.43,Internet Banking
C0031,2024-01,PF Alta Renda,45,21,9225.24,App
C0031,2024-02,PF Alta Renda,45,18,4750.07,App
C0031,2024-03,PF Alta Renda,45,21,8885.63,App
C0031,2024-04,PF Alta Renda,45,18,7600.48,App
C0031,2024-05,PF Alta Renda,45,16,5299.17,App
C0031,2024-06,PF Alta Renda,45,15,7160.76,App
C0032,2024-01,PJ Pequeno Negocio,27,49,9337.31,Internet Banking
C0032,2024-02,PJ Pequeno Negocio,27,65,10610.31,Internet Banking
C0032,2024-03,PJ Pequeno Negocio,27,43,19340.19,Internet Banking
C0032,2024-04,PJ Pequeno Negocio,27,61,13655.86,Internet Banking
C0032,2024-05,PJ Pequeno Negocio,27,55,8497.79,Internet Banking
C0032,2024-06,PJ Pequeno Negocio,27,57,12302.08,Internet Banking
C0033,2024-01,PF Varejo,59,15,1554.16,App
C0033,2024-02,PF Varejo,59,10,1016.74,App
C0033,2024-03,PF Varejo,59,11,1278.57,App
C0033,2024-04,PF Varejo,59,10,1196.63,App
C0033,2024-05,PF Varejo,59,12,1963.03,App
C0033,2024-06,PF Varejo,59,13,1386.58,App
C0034,2024-01,PF Varejo,35,13,1979.63,App
C0034,2024-02,PF Varejo,35,11,968.95,App
C0034,2024-03,PF Varejo,35,13,919.2,App
C0034,2024-04,PF Varejo,35,12,1281.38,App
C0034,2024-05,PF Varejo,35,8,993.38,App
C0034,2024-06,PF Varejo,35,11,1355.81,App
C0035,2024-01,PF Varejo,21,9,1121.23,Internet Banking
C0035,2024-02,PF Varejo,21,10,910.81,Internet Banking
C0035,2024-03,PF Varejo,21,8,1509.17,Internet Banking
C0035,2024-04,PF Varejo,21,11,1479.4,Internet Banking
C0035,2024-05,PF Varejo,21,10,891.62,Internet Banking
C0035,2024-06,PF Varejo,21,9,1185.78,Internet Banking
C0036,2024-01,PF Varejo,60,8,1101.24,App
C0036,2024-02,PF Varejo,60,9,1217.59,App
C0036,2024-03,PF Varejo,60,9,1180.07,App
C0036,2024-04,PF Varejo,60,10,1331.5,App
C0036,2024-05,PF Varejo,60,10,909.69,App
C0036,2024-06,PF Varejo,60,10,1476.1,App
C0037,2024-01,PF Varejo,69,11,2441.35,Internet Banking
C0037,2024-02,PF Varejo,69,10,935.77,Internet Banking
C0037,2024-03,PF Varejo,69,10,1236.35,Internet Banking
C0037,2024-04,PF Varejo,69,11,1565.7,Internet Banking
C0037,2024-05,PF Varejo,69,15,1048.42,Internet Banking
C0037,2024-06,PF Varejo,69,11,1233.77,Internet Banking
C0038,2024-01,PF Varejo,18,16,1434.45,App
C0038,2024-02,PF Varejo,18,16,979.97,App
C0038,2024-03,PF Varejo,18,16,1539.94,App
C0038,2024-04,PF Varejo,18,15,2265.37,App
C0038,2024-05,PF Varejo,18,17,2063.46,App
C0038,2024-06,PF Varejo,18,16,2370.3,App
C0039,2024-01,PF Varejo,42,12,1446.28,Internet Banking
C0039,2024-02,PF Varejo,42,16,2008.66,Internet Banking
C0039,2024-03,PF Varejo,42,17,1342.03,Internet Banking
C0039,2024-04,PF Varejo,42,14,2675.17,Internet Banking
C0039,2024-05,PF Varejo,42,15,1270.65,Internet Banking
C0039,2024-06,PF Varejo,42,12,1501.27,Internet Banking
C0040,2024-01,PF Alta Renda,65,18,5876.29,App
C0040,2024-02,PF Alta Renda,65,16,5654.26,App
C0040,2024-03,PF Alta Renda,65,9,3713.74,App
C0040,2024-04,PF Alta Renda,65,5,1946.64,App
C0040,2024-05,PF Alta Renda,65,1,485.72,App
C0040,2024-06,PF Alta Renda,65,1,433.01,App
C0041,2024-01,PF Varejo,58,8,929.75,App
C0041,2024-02,PF Varejo,58,11,1601.11,App
C0041,2024-03,PF Varejo,58,11,1331.18,App
C0041,2024-04,PF Varejo,58,11,1494.25,App
C0041,2024-05,PF Varejo,58,9,932.06,App
C0041,2024-06,PF Varejo,58,13,1847.01,App
C0042,2024-01,PF Alta Renda,66,29,18451.2,App
C0042,2024-02,PF Alta Renda,66,19,10214.04,App
C0042,2024-03,PF Alta Renda,66,26,13741.13,App
C0042,2024-04,PF Alta Renda,66,20,6732.16,App
C0042,2024-05,PF Alta Renda,66,21,7376.69,App
C0042,2024-06,PF Alta Renda,66,24,10574.3,App
C0043,2024-01,PF Alta Renda,41,22,12723.95,App
C0043,2024-02,PF Alta Renda,41,26,9493.3,App
C0043,2024-03,PF Alta Renda,41,15,5552.14,App
C0043,2024-04,PF Alta Renda,41,7,3418.88,App
C0043,2024-05,PF Alta Renda,41,1,485.28,App
C0043,2024-06,PF Alta Renda,41,1,433.11,App
C0044,2024-01,PF Varejo,39,6,649.3,App
C0044,2024-02,PF Varejo,39,8,1217.85,App
C0044,2024-03,PF Varejo,39,8,888.63,App
C0044,2024-04,PF Varejo,39,7,605.49,App
C0044,2024-05,PF Varejo,39,6,871.39,App
C0044,2024-06,PF Varejo,39,8,1069.02,App
C0045,2024-01,PF Alta Renda,58,7,3961.5,App
C0045,2024-02,PF Alta Renda,58,10,3675.05,App
C0045,2024-03,PF Alta Renda,58,8,4118.15,App
C0045,2024-04,PF Alta Renda,58,8,2179.37,App
C0045,2024-05,PF Alta Renda,58,7,2666.9,App
C0045,2024-06,PF Alta Renda,58,8,3400.56,App
C0046,2024-01,PF Alta Renda,26,22,7964.89,App
C0046,2024-02,PF Alta Renda,26,19,8758.72,App
C0046,2024-03,PF Alta Renda,26,14,2660.91,App
C0046,2024-04,PF Alta Renda,26,6,2575.65,App
C0046,2024-05,PF Alta Renda,26,1,349.0,App
C0046,2024-06,PF Alta Renda,26,1,473.31,App
C0047,2024-01,PF Varejo,31,14,1211.31,App
C0047,2024-02,PF Varejo,31,13,657.58,App
C0047,2024-03,PF Varejo,31,7,1105.73,App
C0047,2024-04,PF Varejo,31,4,624.66,App
C0047,2024-05,PF Varejo,31,1,99.95,App
C0047,2024-06,PF Varejo,31,1,64.42,App
C0048,2024-01,PF Varejo,52,13,1951.48,App
C0048,2024-02,PF Varejo,52,14,2252.45,App
C0048,2024-03,PF Varejo,52,18,2336.07,App
C0048,2024-04,PF Varejo,52,12,913.47,App
C0048,2024-05,PF Varejo,52,13,1625.22,App
C0048,2024-06,PF Varejo,52,16,2420.41,App
C0049,2024-01,PF Alta Renda,56,40,20331.63,App
C0049,2024-02,PF Alta Renda,56,32,15801.86,App
C0049,2024-03,PF Alta Renda,56,39,19171.5,App
C0049,2024-04,PF Alta Renda,56,28,8190.3,App
C0049,2024-05,PF Alta Renda,56,35,10882.86,App
C0049,2024-06,PF Alta Renda,56,38,18162.39,App
C0050,2024-01,PF Varejo,24,9,1319.19,App
C0050,2024-02,PF Varejo,24,9,1180.49,App
C0050,2024-03,PF Varejo,24,5,887.42,App
C0050,2024-04,PF Varejo,24,3,321.98,App
C0050,2024-05,PF Varejo,24,0,0.0,App
C0050,2024-06,PF Varejo,24,0,0.0,App
C0051,2024-01,PF Varejo,46,8,1221.58,App
C0051,2024-02,PF Varejo,46,9,967.95,App
C0051,2024-03,PF Varejo,46,8,1089.32,App
C0051,2024-04,PF Varejo,46,9,1495.8,App
C0051,2024-05,PF Varejo,46,8,750.39,App
C0051,2024-06,PF Varejo,46,9,1126.23,App
C0052,2024-01,PF Varejo,38,12,856.28,App
C0052,2024-02,PF Varejo,38,10,1233.84,App
C0052,2024-03,PF Varejo,38,7,885.74,App
C0052,2024-04,PF Varejo,38,9,924.53,App
C0052,2024-05,PF Varejo,38,11,1409.76,App
C0052,2024-06,PF Varejo,38,12,840.16,App
C0053,2024-01,PF Alta Renda,46,27,9848.6,Internet Banking
C0053,2024-02,PF Alta Renda,46,22,8299.16,Internet Banking
C0053,2024-03,PF Alta Renda,46,23,5750.83,Internet Banking
C0053,2024-04,PF Alta Renda,46,25,10470.35,Internet Banking
C0053,2024-05,PF Alta Renda,46,19,10993.74,Internet Banking
C0053,2024-06,PF Alta Renda,46,30,15115.99,Internet Banking
C0054,2024-01,PF Alta Renda,72,26,11179.38,App
C0054,2024-02,PF Alta Renda,72,28,12982.9,App
C0054,2024-03,PF Alta Renda,72,21,8280.84,App
C0054,2024-04,PF Alta Renda,72,9,2573.72,App
C0054,2024-05,PF Alta Renda,72,2,627.85,App
C0054,2024-06,PF Alta Renda,72,2,930.96,App
C0055,2024-01,PF Alta Renda,22,31,13798.91,App
C0055,2024-02,PF Alta Renda,22,30,14251.36,App
C0055,2024-03,PF Alta Renda,22,24,12305.49,App
C0055,2024-04,PF Alta Renda,22,20,7383.44,App
C0055,2024-05,PF Alta Renda,22,27,13959.71,App
C0055,2024-06,PF Alta Renda,22,29,14208.28,App
C0056,2024-01,PF Alta Renda,74,12,4304.98,App
C0056,2024-02,PF Alta Renda,74,10,5243.79,App
C0056,2024-03,PF Alta Renda,74,12,4261.82,App
C0056,2024-04,PF Alta Renda,74,12,4834.54,App
C0056,2024-05,PF Alta Renda,74,13,5156.3,App
C0056,2024-06,PF Alta Renda,74,10,4395.4,App
C0057,2024-01,PF Varejo,43,13,1887.74,App
C0057,2024-02,PF Varejo,43,14,1326.2,App
C0057,2024-03,PF Varejo,43,17,2686.95,App
C0057,2024-04,PF Varejo,43,16,1341.74,App
C0057,2024-05,PF Varejo,43,15,1428.84,App
C0057,2024-06,PF Varejo,43,11,1008.8,App
C0058,2024-01,PF Varejo,62,10,1148.56,App
C0058,2024-02,PF Varejo,62,10,1165.01,App
C0058,2024-03,PF Varejo,62,11,1496.68,App
C0058,2024-04,PF Varejo,62,11,1248.28,App
C0058,2024-05,PF Varejo,62,13,928.18,App
C0058,2024-06,PF Varejo,62,14,2216.82,App
C0059,2024-01,PF Varejo,42,6,639.66,App
C0059,2024-02,PF Varejo,42,5,479.21,App
C0059,2024-03,PF Varejo,42,6,922.84,App
C0059,2024-04,PF Varejo,42,6,519.71,App
C0059,2024-05,PF Varejo,42,4,615.52,App
C0059,2024-06,PF Varejo,42,6,191.06,App
C0060,2024-01,PF Varejo,35,8,914.68,Internet Banking
C0060,2024-02,PF Varejo,35,10,1144.42,Internet Banking
C0060,2024-03,PF Varejo,35,9,1093.93,Internet Banking
C0060,2024-04,PF Varejo,35,8,825.93,Internet Banking
C0060,2024-05,PF Varejo,35,8,1282.78,Internet Banking
C0060,2024-06,PF Varejo,35,10,1745.6,Internet Banking
C0061,2024-01,PF Alta Renda,61,22,9108.0,App
C0061,2024-02,PF Alta Renda,61,22,9445.59,App
C0061,2024-03,PF Alta Renda,61,13,6826.88,App
C0061,2024-04,PF Alta Renda,61,6,1925.32,App
C0061,2024-05,PF Alta Renda,61,1,267.68,App
C0061,2024-06,PF Alta Renda,61,1,227.74,App
C0062,2024-01,PF Varejo,57,13,1749.83,App
C0062,2024-02,PF Varejo,57,16,1198.55,App
C0062,2024-03,PF Varejo,57,13,1350.27,App
C0062,2024-04,PF Varejo,57,15,2286.58,App
C0062,2024-05,PF Varejo,57,15,1647.06,App
C0062,2024-06,PF Varejo,57,14,1465.3,App
C0063,2024-01,PF Varejo,26,7,894.67,Internet Banking
C0063,2024-02,PF Varejo,26,8,939.54,Internet Banking
C0063,2024-03,PF Varejo,26,7,1210.1,Internet Banking
C0063,2024-04,PF Varejo,26,7,1124.16,Internet Banking
C0063,2024-05,PF Varejo,26,6,649.09,Internet Banking
C0063,2024-06,PF Varejo,26,6,878.54,Internet Banking
C0064,2024-01,PF Alta Renda,58,12,6813.28,App
C0064,2024-02,PF Alta Renda,58,15,4853.9,App
C0064,2024-03,PF Alta Renda,58,9,3240.25,App
C0064,2024-04,PF Alta Renda,58,4,1273.24,App
C0064,2024-05,PF Alta Renda,58,1,479.89,App
C0064,2024-06,PF Alta Renda,58,1,467.84,App
C0065,2024-01,PF Varejo,60,6,1076.33,App
C0065,2024-02,PF Varejo,60,7,709.28,App
C0065,2024-03,PF Varejo,60,8,1053.36,App
C0065,2024-04,PF Varejo,60,7,1064.85,App
C0065,2024-05,PF Varejo,60,8,1192.27,App
C0065,2024-06,PF Varejo,60,7,725.59,App
C0066,2024-01,PF Varejo,40,12,2093.71,Internet Banking
C0066,2024-02,PF Varejo,40,13,1960.21,Internet Banking
C0066,2024-03,PF Varejo,40,13,1234.76,Internet Banking
C0066,2024-04,PF Varejo,40,13,2861.85,Internet Banking
C0066,2024-05,PF Varejo,40,10,1785.5,Internet Banking
C0066,2024-06,PF Varejo,40,13,1188.45,Internet Banking
C0067,2024-01,PF Varejo,70,5,426.97,Internet Banking
C0067,2024-02,PF Varejo,70,4,498.52,Internet Banking
C0067,2024-03,PF Varejo,70,5,558.16,Internet Banking
C0067,2024-04,PF Varejo,70,4,433.88,Internet Banking
C0067,2024-05,PF Varejo,70,4,445.09,Internet Banking
C0067,2024-06,PF Varejo,70,4,368.55,Internet Banking
C0068,2024-01,PF Varejo,54,13,1794.12,App
C0068,2024-02,PF Varejo,54,10,1070.21,App
C0068,2024-03,PF Varejo,54,15,1924.62,App
C0068,2024-04,PF Varejo,54,14,2658.45,App
C0068,2024-05,PF Varejo,54,9,1639.15,App
C0068,2024-06,PF Varejo,54,14,2083.28,App
C0069,2024-01,PF Varejo,37,10,959.14,App
C0069,2024-02,PF Varejo,37,12,983.44,App
C0069,2024-03,PF Varejo,37,11,1821.32,App
C0069,2024-04,PF Varejo,37,9,552.82,App
C0069,2024-05,PF Varejo,37,11,1705.48,App
C0069,2024-06,PF Varejo,37,10,1221.19,App
C0070,2024-01,PF Varejo,18,16,2278.56,App
C0070,2024-02,PF Varejo,18,15,1732.43,App
C0070,2024-03,PF Varejo,18,12,1514.21,App
C0070,2024-04,PF Varejo,18,17,1358.78,App
C0070,2024-05,PF Varejo,18,13,1486.24,App
C0070,2024-06,PF Varejo,18,18,2934.51,App
C0071,2024-01,PF Varejo,56,13,1402.76,App
C0071,2024-02,PF Varejo,56,15,1185.62,App
C0071,2024-03,PF Varejo,56,15,3054.02,App
C0071,2024-04,PF Varejo,56,16,2091.32,App
C0071,2024-05,PF Varejo,56,11,1758.55,App
C0071,2024-06,PF Varejo,56,15,2726.21,App
C0072,2024-01,PF Varejo,29,16,1401.21,App
C0072,2024-02,PF Varejo,29,16,2678.65,App
C0072,2024-03,PF Varejo,29,23,2493.15,App
C0072,2024-04,PF Varejo,29,14,1479.32,App
C0072,2024-05,PF Varejo,29,22,2485.32,App
C0072,2024-06,PF Varejo,29,17,1734.3,App
C0073,2024-01,PJ Pequeno Negocio,61,35,10944.82,App
C0073,2024-02,PJ Pequeno Negocio,61,35,9574.69,App
C0073,2024-03,PJ Pequeno Negocio,61,38,10434.34,App
C0073,2024-04,PJ Pequeno Negocio,61,39,9955.0,App
C0073,2024-05,PJ Pequeno Negocio,61,38,9663.87,App
C0073,2024-06,PJ Pequeno Negocio,61,38,8589.6,App
C0074,2024-01,PF Varejo,47,8,1040.38,App
C0074,2024-02,PF Varejo,47,9,1266.06,App
C0074,2024-03,PF Varejo,47,7,811.42,App
C0074,2024-04,PF Varejo,47,9,816.46,App
C0074,2024-05,PF Varejo,47,10,1769.45,App
C0074,2024-06,PF Varejo,47,8,954.75,App
C0075,2024-01,PF Varejo,44,16,2114.68,Internet Banking
C0075,2024-02,PF Varejo,44,19,1612.56,Internet Banking
C0075,2024-03,PF Varejo,44,13,1845.15,Internet Banking
C0075,2024-04,PF Varejo,44,13,1469.11,Internet Banking
C0075,2024-05,PF Varejo,44,20,1724.05,Internet Banking
C0075,2024-06,PF Varejo,44,18,1655.43,Internet Banking
C0076,2024-01,PF Varejo,27,9,1488.18,App
C0076,2024-02,PF Varejo,27,11,894.16,App
C0076,2024-03,PF Varejo,27,8,944.39,App
C0076,2024-04,PF Varejo,27,8,607.18,App
C0076,2024-05,PF Varejo,27,7,1265.23,App
C0076,2024-06,PF Varejo,27,7,633.74,App
C0077,2024-01,PF Varejo,58,7,888.63,App
C0077,2024-02,PF Varejo,58,7,1006.94,App
C0077,2024-03,PF Varejo,58,9,1280.87,App
C0077,2024-04,PF Varejo,58,6,560.28,App
C0077,2024-05,PF Varejo,58,6,964.83,App
C0077,2024-06,PF Varejo,58,8,1523.25,App
C0078,2024-01,PF Alta Renda,27,21,10682.69,App
C0078,2024-02,PF Alta Renda,27,25,11054.53,App
C0078,2024-03,PF Alta Renda,27,26,8711.61,App
C0078,2024-04,PF Alta Renda,27,30,7116.76,App
C0078,2024-05,PF Alta Renda,27,27,11941.81,App
C0078,2024-06,PF Alta Renda,27,25,8464.57,App
C0079,2024-01,PF Varejo,41,6,894.91,Internet Banking
C0079,2024-02,PF Varejo,41,7,475.11,Internet Banking
C0079,2024-03,PF Varejo,41,4,503.87,Internet Banking
C0079,2024-04,PF Varejo,41,2,144.38,Internet Banking
C0079,2024-05,PF Varejo,41,0,0.0,Internet Banking
C0079,2024-06,PF Varejo,41,0,0.0,Internet Banking
C0080,2024-01,PF Alta Renda,65,10,4455.28,App
C0080,2024-02,PF Alta Renda,65,15,4162.0,App
C0080,2024-03,PF Alta Renda,65,15,5122.5,App
C0080,2024-04,PF Alta Renda,65,12,5489.76,App
C0080,2024-05,PF Alta Renda,65,13,6123.41,App
C0080,2024-06,PF Alta Renda,65,14,6046.0,App
C0081,2024-01,PF Alta Renda,70,32,16638.33,App
C0081,2024-02,PF Alta Renda,70,36,14698.45,App
C0081,2024-03,PF Alta Renda,70,20,6569.54,App
C0081,2024-04,PF Alta Renda,70,33,8109.38,App
C0081,2024-05,PF Alta Renda,70,21,10579.27,App
C0081,2024-06,PF Alta Renda,70,35,16281.43,App
C0082,2024-01,PF Varejo,74,14,1969.71,App
C0082,2024-02,PF Varejo,74,11,1541.57,App
C0082,2024-03,PF Varejo,74,12,1721.25,App
C0082,2024-04,PF Varejo,74,14,1186.64,App
C0082,2024-05,PF Varejo,74,10,978.95,App
C0082,2024-06,PF Varejo,74,11,1299.16,App
C0083,2024-01,PF Alta Renda,72,31,12544.51,App
C0083,2024-02,PF Alta Renda,72,25,8096.33,App
C0083,2024-03,PF Alta Renda,72,23,7692.69,App
C0083,2024-04,PF Alta Renda,72,20,3671.47,App
C0083,2024-05,PF Alta Renda,72,23,11334.03,App
C0083,2024-06,PF Alta Renda,72,26,13274.84,App
C0084,2024-01,PF Varejo,49,13,1367.63,App
C0084,2024-02,PF Varejo,49,14,1537.08,App
C0084,2024-03,PF Varejo,49,14,1348.19,App
C0084,2024-04,PF Varejo,49,14,1986.07,App
C0084,2024-05,PF Varejo,49,19,2404.24,App
C0084,2024-06,PF Varejo,49,12,1242.5,App
C0085,2024-01,PF Varejo,29,10,1321.32,App
C0085,2024-02,PF Varejo,29,10,1320.51,App
C0085,2024-03,PF Varejo,29,10,1529.54,App
C0085,2024-04,PF Varejo,29,11,1424.99,App
C0085,2024-05,PF Varejo,29,9,985.16,App
C0085,2024-06,PF Varejo,29,8,812.93,App
C0086,2024-01,PF Varejo,65,11,1098.4,App
C0086,2024-02,PF Varejo,65,15,1175.51,App
C0086,2024-03,PF Varejo,65,11,1374.05,App
C0086,2024-04,PF Varejo,65,13,1905.55,App
C0086,2024-05,PF Varejo,65,13,1333.95,App
C0086,2024-06,PF Varejo,65,10,1205.99,App
C0087,2024-01,PF Alta Renda,63,18,5263.5,Internet Banking
C0087,2024-02,PF Alta Renda,63,24,9558.94,Internet Banking
C0087,2024-03,PF Alta Renda,63,17,4339.56,Internet Banking
C0087,2024-04,PF Alta Renda,63,6,2234.84,Internet Banking
C0087,2024-05,PF Alta Renda,63,1,327.92,Internet Banking
C0087,2024-06,PF Alta Renda,63,1,428.26,Internet Banking
C0088,2024-01,PF Varejo,74,7,884.02,Internet Banking
C0088,2024-02,PF Varejo,74,6,575.91,Internet Banking
C0088,2024-03,PF Varejo,74,7,945.17,Internet Banking
C0088,2024-04,PF Varejo,74,7,486.56,Internet Banking
C0088,2024-05,PF Varejo,74,8,821.25,Internet Banking
C0088,2024-06,PF Varejo,74,7,1038.43,Internet Banking
C0089,2024-01,PF Varejo,55,9,1145.22,App
C0089,2024-02,PF Varejo,55,6,684.01,App
C0089,2024-03,PF Varejo,55,9,1312.04,App
C0089,2024-04,PF Varejo,55,8,973.0,App
C0089,2024-05,PF Varejo,55,8,1088.15,App
C0089,2024-06,PF Varejo,55,11,1735.87,App
C0090,2024-01,PF Varejo,26,15,1144.06,App
C0090,2024-02,PF Varejo,26,14,1675.62,App
C0090,2024-03,PF Varejo,26,16,1924.31,App
C0090,2024-04,PF Varejo,26,14,1498.34,App
C0090,2024-05,PF Varejo,26,11,744.59,App
C0090,2024-06,PF Varejo,26,18,3003.74,App
C0091,2024-01,PF Varejo,46,11,1696.37,App
C0091,2024-02,PF Varejo,46,9,704.27,App
C0091,2024-03,PF Varejo,46,11,744.83,App
C0091,2024-04,PF Varejo,46,11,1169.31,App
C0091,2024-05,PF Varejo,46,11,1558.88,App
C0091,2024-06,PF Varejo,46,11,1433.35,App
C0092,2024-01,PF Alta Renda,43,33,16030.34,Internet Banking
C0092,2024-02,PF Alta Renda,43,28,10627.21,Internet Banking
C0092,2024-03,PF Alta Renda,43,24,8721.53,Internet Banking
C0092,2024-04,PF Alta Renda,43,30,13730.68,Internet Banking
C0092,2024-05,PF Alta Renda,43,30,11770.85,Internet Banking
C0092,2024-06,PF Alta Renda,43,32,13274.83,Internet Banking
C0093,2024-01,PF Varejo,66,11,1037.76,App
C0093,2024-02,PF Varejo,66,7,1144.66,App
C0093,2024-03,PF Varejo,66,7,903.63,App
C0093,2024-04,PF Varejo,66,3,354.68,App
C0093,2024-05,PF Varejo,66,0,0.0,App
C0093,2024-06,PF Varejo,66,0,0.0,App
C0094,2024-01,PF Varejo,40,14,1113.68,App
C0094,2024-02,PF Varejo,40,18,2670.76,App
C0094,2024-03,PF Varejo,40,18,2547.62,App
C0094,2024-04,PF Varejo,40,18,2282.97,App
C0094,2024-05,PF Varejo,40,15,1575.88,App
C0094,2024-06,PF Varejo,40,19,1815.17,App
C0095,2024-01,PF Varejo,36,8,584.58,App
C0095,2024-02,PF Varejo,36,7,984.54,App
C0095,2024-03,PF Varejo,36,5,743.87,App
C0095,2024-04,PF Varejo,36,2,218.18,App
C0095,2024-05,PF Varejo,36,0,0.0,App
C0095,2024-06,PF Varejo,36,0,0.0,App
C0096,2024-01,PF Varejo,22,12,1297.73,Internet Banking
C0096,2024-02,PF Varejo,22,11,1430.98,Internet Banking
C0096,2024-03,PF Varejo,22,10,1681.44,Internet Banking
C0096,2024-04,PF Varejo,22,13,2404.76,Internet Banking
C0096,2024-05,PF Varejo,22,12,1337.13,Internet Banking
C0096,2024-06,PF Varejo,22,14,1701.33,Internet Banking
C0097,2024-01,PF Varejo,65,16,1000.63,App
C0097,2024-02,PF Varejo,65,18,1442.12,App
C0097,2024-03,PF Varejo,65,15,972.18,App
C0097,2024-04,PF Varejo,65,20,2675.26,App
C0097,2024-05,PF Varejo,65,14,915.21,App
C0097,2024-06,PF Varejo,65,17,2142.75,App
C0098,2024-01,PF Varejo,61,11,1753.34,App
C0098,2024-02,PF Varejo,61,14,1376.87,App
C0098,2024-03,PF Varejo,61,13,2014.3,App
C0098,2024-04,PF Varejo,61,11,881.78,App
C0098,2024-05,PF Varejo,61,14,1058.68,App
C0098,2024-06,PF Varejo,61,14,1522.68,App
C0099,2024-01,PF Varejo,20,6,918.8,App
C0099,2024-02,PF Varejo,20,7,960.31,App
C0099,2024-03,PF Varejo,20,7,726.25,App
C0099,2024-04,PF Varejo,20,5,579.3,App
C0099,2024-05,PF Varejo,20,5,569.01,App
C0099,2024-06,PF Varejo,20,6,388.37,App
C0100,2024-01,PJ Pequeno Negocio,42,38,4740.13,Internet Banking
C0100,2024-02,PJ Pequeno Negocio,42,44,13415.32,Internet Banking
C0100,2024-03,PJ Pequeno Negocio,42,38,11116.74,Internet Banking
C0100,2024-04,PJ Pequeno Negocio,42,44,12482.38,Internet Banking
C0100,2024-05,PJ Pequeno Negocio,42,42,12859.59,Internet Banking
C0100,2024-06,PJ Pequeno Negocio,42,45,8037.33,Internet Banking
C0101,2024-01,PJ Pequeno Negocio,45,25,5013.09,App
C0101,2024-02,PJ Pequeno Negocio,45,25,4808.58,App
C0101,2024-03,PJ Pequeno Negocio,45,24,5803.6,App
C0101,2024-04,PJ Pequeno Negocio,45,28,7690.73,App
C0101,2024-05,PJ Pequeno Negocio,45,22,4259.0,App
C0101,2024-06,PJ Pequeno Negocio,45,25,7192.66,App
C0102,2024-01,PF Alta Renda,44,26,11843.57,App
C0102,2024-02,PF Alta Renda,44,22,9967.55,App
C0102,2024-03,PF Alta Renda,44,21,10546.05,App
C0102,2024-04,PF Alta Renda,44,22,7085.12,App
C0102,2024-05,PF Alta Renda,44,26,8851.74,App
C0102,2024-06,PF Alta Renda,44,21,9962.03,App
C0103,2024-01,PF Varejo,70,7,712.86,Internet Banking
C0103,2024-02,PF Varejo,70,9,1069.63,Internet Banking
C0103,2024-03,PF Varejo,70,9,1074.0,Internet Banking
C0103,2024-04,PF Varejo,70,9,945.5,Internet Banking
C0103,2024-05,PF Varejo,70,9,1084.51,Internet Banking
C0103,2024-06,PF Varejo,70,11,1693.16,Internet Banking
C0104,2024-01,PJ Pequeno Negocio,26,23,6330.73,Internet Banking
C0104,2024-02,PJ Pequeno Negocio,26,26,6895.68,Internet Banking
C0104,2024-03,PJ Pequeno Negocio,26,20,5327.38,Internet Banking
C0104,2024-04,PJ Pequeno Negocio,26,8,2472.41,Internet Banking
C0104,2024-05,PJ Pequeno Negocio,26,2,413.12,Internet Banking
C0104,2024-06,PJ Pequeno Negocio,26,2,431.25,Internet Banking
C0105,2024-01,PF Alta Renda,35,33,9115.41,App
C0105,2024-02,PF Alta Renda,35,39,12468.96,App
C0105,2024-03,PF Alta Renda,35,29,9458.53,App
C0105,2024-04,PF Alta Renda,35,37,4894.74,App
C0105,2024-05,PF Alta Renda,35,29,11858.92,App
C0105,2024-06,PF Alta Renda,35,33,12078.53,App
C0106,2024-01,PF Alta Renda,28,20,8901.96,App
C0106,2024-02,PF Alta Renda,28,18,9203.55,App
C0106,2024-03,PF Alta Renda,28,18,6799.97,App
C0106,2024-04,PF Alta Renda,28,19,5862.82,App
C0106,2024-05,PF Alta Renda,28,26,8486.32,App
C0106,2024-06,PF Alta Renda,28,22,9192.89,App
C0107,2024-01,PF Varejo,31,8,1030.45,App
C0107,2024-02,PF Varejo,31,9,1054.14,App
C0107,2024-03,PF Varejo,31,9,1162.96,App
C0107,2024-04,PF Varejo,31,7,809.34,App
C0107,2024-05,PF Varejo,31,9,955.33,App
C0107,2024-06,PF Varejo,31,9,694.83,App
C0108,2024-01,PF Varejo,69,5,831.96,Internet Banking
C0108,2024-02,PF Varejo,69,5,425.87,Internet Banking
C0108,2024-03,PF Varejo,69,4,521.04,Internet Banking
C0108,2024-04,PF Varejo,69,6,776.73,Internet Banking
C0108,2024-05,PF Varejo,69,5,715.43,Internet Banking
C0108,2024-06,PF Varejo,69,5,493.56,Internet Banking
C0109,2024-01,PF Varejo,71,6,273.25,App
C0109,2024-02,PF Varejo,71,8,694.34,App
C0109,2024-03,PF Varejo,71,7,940.49,App
C0109,2024-04,PF Varejo,71,6,424.71,App
C0109,2024-05,PF Varejo,71,6,517.47,App
C0109,2024-06,PF Varejo,71,8,792.39,App
C0110,2024-01,PJ Pequeno Negocio,20,10,1994.06,App
C0110,2024-02,PJ Pequeno Negocio,20,14,3265.39,App
C0110,2024-03,PJ Pequeno Negocio,20,11,3083.64,App
C0110,2024-04,PJ Pequeno Negocio,20,9,1757.44,App
C0110,2024-05,PJ Pequeno Negocio,20,13,4269.01,App
C0110,2024-06,PJ Pequeno Negocio,20,12,3359.59,App
C0111,2024-01,PF Varejo,54,15,1369.85,App
C0111,2024-02,PF Varejo,54,16,2518.44,App
C0111,2024-03,PF Varejo,54,13,1271.51,App
C0111,2024-04,PF Varejo,54,13,1638.43,App
C0111,2024-05,PF Varejo,54,14,1401.29,App
C0111,2024-06,PF Varejo,54,18,2660.37,App
C0112,2024-01,PF Varejo,31,10,826.66,App
C0112,2024-02,PF Varejo,31,7,847.32,App
C0112,2024-03,PF Varejo,31,12,1513.46,App
C0112,2024-04,PF Varejo,31,9,1167.88,App
C0112,2024-05,PF Varejo,31,9,661.84,App
C0112,2024-06,PF Varejo,31,8,1114.44,App
C0113,2024-01,PF Varejo,28,8,907.57,Internet Banking
C0113,2024-02,PF Varejo,28,7,1108.19,Internet Banking
C0113,2024-03,PF Varejo,28,6,738.51,Internet Banking
C0113,2024-04,PF Varejo,28,8,1408.75,Internet Banking
C0113,2024-05,PF Varejo,28,7,638.23,Internet Banking
C0113,2024-06,PF Varejo,28,7,1029.12,Internet Banking
C0114,2024-01,PF Varejo,34,10,1570.98,App
C0114,2024-02,PF Varejo,34,11,1465.17,App
C0114,2024-03,PF Varejo,34,8,794.18,App
C0114,2024-04,PF Varejo,34,12,1660.72,App
C0114,2024-05,PF Varejo,34,10,1460.76,App
C0114,2024-06,PF Varejo,34,11,1295.12,App
C0115,2024-01,PF Varejo,29,8,1020.29,App
C0115,2024-02,PF Varejo,29,9,1041.38,App
C0115,2024-03,PF Varejo,29,9,1255.51,App
C0115,2024-04,PF Varejo,29,10,1348.5,App
C0115,2024-05,PF Varejo,29,10,1240.7,App
C0115,2024-06,PF Varejo,29,8,756.48,App
C0116,2024-01,PJ Pequeno Negocio,45,43,10841.82,Internet Banking
C0116,2024-02,PJ Pequeno Negocio,45,25,6048.01,Internet Banking
C0116,2024-03,PJ Pequeno Negocio,45,48,10470.5,Internet Banking
C0116,2024-04,PJ Pequeno Negocio,45,38,8474.08,Internet Banking
C0116,2024-05,PJ Pequeno Negocio,45,42,9957.29,Internet Banking
C0116,2024-06,PJ Pequeno Negocio,45,39,6032.9,Internet Banking
C0117,2024-01,PF Alta Renda,74,29,9367.8,Internet Banking
C0117,2024-02,PF Alta Renda,74,30,14568.07,Internet Banking
C0117,2024-03,PF Alta Renda,74,28,13765.04,Internet Banking
C0117,2024-04,PF Alta Renda,74,22,8517.89,Internet Banking
C0117,2024-05,PF Alta Renda,74,21,12061.11,Internet Banking
C0117,2024-06,PF Alta Renda,74,25,7893.63,Internet Banking
C0118,2024-01,PF Alta Renda,51,15,7562.8,Internet Banking
C0118,2024-02,PF Alta Renda,51,16,8292.94,Internet Banking
C0118,2024-03,PF Alta Renda,51,16,6051.59,Internet Banking
C0118,2024-04,PF Alta Renda,51,15,4627.72,Internet Banking
C0118,2024-05,PF Alta Renda,51,16,6884.56,Internet Banking
C0118,2024-06,PF Alta Renda,51,17,6524.48,Internet Banking
C0119,2024-01,PF Varejo,59,12,1406.37,App
C0119,2024-02,PF Varejo,59,12,778.59,App
C0119,2024-03,PF Varejo,59,12,737.8,App
C0119,2024-04,PF Varejo,59,14,1234.7,App
C0119,2024-05,PF Varejo,59,10,1463.94,App
C0119,2024-06,PF Varejo,59,11,842.81,App
C0120,2024-01,PF Varejo,46,5,445.32,App
C0120,2024-02,PF Varejo,46,6,964.48,App
C0120,2024-03,PF Varejo,46,7,694.81,App
C0120,2024-04,PF Varejo,46,5,648.89,App
C0120,2024-05,PF Varejo,46,4,563.0,App
C0120,2024-06,PF Varejo,46,5,642.91,App
C0121,2024-01,PF Varejo,18,10,1874.98,App
C0121,2024-02,PF Varejo,18,11,1006.68,App
C0121,2024-03,PF Varejo,18,10,720.83,App
C0121,2024-04,PF Varejo,18,12,754.86,App
C0121,2024-05,PF Varejo,18,13,1350.36,App
C0121,2024-06,PF Varejo,18,12,1349.88,App
C0122,2024-01,PF Varejo,22,11,1311.02,App
C0122,2024-02,PF Varejo,22,13,2184.49,App
C0122,2024-03,PF Varejo,22,13,2585.54,App
C0122,2024-04,PF Varejo,22,10,1382.87,App
C0122,2024-05,PF Varejo,22,11,1853.44,App
C0122,2024-06,PF Varejo,22,10,1433.98,App
C0123,2024-01,PF Varejo,33,11,1417.34,Internet Banking
C0123,2024-02,PF Varejo,33,10,1026.23,Internet Banking
C0123,2024-03,PF Varejo,33,11,1391.07,Internet Banking
C0123,2024-04,PF Varejo,33,13,1500.15,Internet Banking
C0123,2024-05,PF Varejo,33,10,1490.19,Internet Banking
C0123,2024-06,PF Varejo,33,11,1236.29,Internet Banking
C0124,2024-01,PF Varejo,31,13,1206.5,App
C0124,2024-02,PF Varejo,31,11,1706.23,App
C0124,2024-03,PF Varejo,31,12,1652.8,App
C0124,2024-04,PF Varejo,31,16,2297.83,App
C0124,2024-05,PF Varejo,31,12,2080.23,App
C0124,2024-06,PF Varejo,31,14,1574.04,App
C0125,2024-01,PF Varejo,65,8,1091.82,App
C0125,2024-02,PF Varejo,65,6,999.41,App
C0125,2024-03,PF Varejo,65,9,946.42,App
C0125,2024-04,PF Varejo,65,7,1090.64,App
C0125,2024-05,PF Varejo,65,7,783.51,App
C0125,2024-06,PF Varejo,65,8,362.07,App
C0126,2024-01,PF Varejo,66,9,1074.54,Internet Banking
C0126,2024-02,PF Varejo,66,10,865.96,Internet Banking
C0126,2024-03,PF Varejo,66,9,627.23,Internet Banking
C0126,2024-04,PF Varejo,66,8,1308.15,Internet Banking
C0126,2024-05,PF Varejo,66,10,1774.66,Internet Banking
C0126,2024-06,PF Varejo,66,11,1450.64,Internet Banking
C0127,2024-01,PF Varejo,66,11,1140.92,App
C0127,2024-02,PF Varejo,66,11,1172.71,App
C0127,2024-03,PF Varejo,66,12,647.41,App
C0127,2024-04,PF Varejo,66,11,875.12,App
C0127,2024-05,PF Varejo,66,8,767.5,App
C0127,2024-06,PF Varejo,66,10,1670.26,App
C0128,2024-01,PF Varejo,54,11,566.82,App
C0128,2024-02,PF Varejo,54,11,1157.57,App
C0128,2024-03,PF Varejo,54,10,814.06,App
C0128,2024-04,PF Varejo,54,14,1072.61,App
C0128,2024-05,PF Varejo,54,10,1705.03,App
C0128,2024-06,PF Varejo,54,10,1426.21,App
C0129,2024-01,PF Varejo,49,11,1762.57,App
C0129,2024-02,PF Varejo,49,10,988.81,App
C0129,2024-03,PF Varejo,49,8,868.58,App
C0129,2024-04,PF Varejo,49,7,729.11,App
C0129,2024-05,PF Varejo,49,11,1770.07,App
C0129,2024-06,PF Varejo,49,10,637.43,App
C0130,2024-01,PF Varejo,55,10,1091.93,App
C0130,2024-02,PF Varejo,55,11,1542.17,App
C0130,2024-03,PF Varejo,55,11,881.7,App
C0130,2024-04,PF Varejo,55,9,1084.89,App
C0130,2024-05,PF Varejo,55,9,978.28,App
C0130,2024-06,PF Varejo,55,11,1342.67,App
C0131,2024-01,PF Varejo,41,14,1061.4,App
C0131,2024-02,PF Varejo,41,15,1863.78,App
C0131,2024-03,PF Varejo,41,11,1314.48,App
C0131,2024-04,PF Varejo,41,13,1328.22,App
C0131,2024-05,PF Varejo,41,9,1360.74,App
C0131,2024-06,PF Varejo,41,11,1053.25,App
C0132,2024-01,PJ Pequeno Negocio,56,33,7083.37,App
C0132,2024-02,PJ Pequeno Negocio,56,46,10306.8,App
C0132,2024-03,PJ Pequeno Negocio,56,32,5952.39,App
C0132,2024-04,PJ Pequeno Negocio,56,37,11041.88,App
C0132,2024-05,PJ Pequeno Negocio,56,42,12141.95,App
C0132,2024-06,PJ Pequeno Negocio,56,44,12523.02,App
C0133,2024-01,PF Varejo,63,10,1251.61,Internet Banking
C0133,2024-02,PF Varejo,63,9,851.77,Internet Banking
C0133,2024-03,PF Varejo,63,9,1043.33,Internet Banking
C0133,2024-04,PF Varejo,63,9,726.67,Internet Banking
C0133,2024-05,PF Varejo,63,6,637.06,Internet Banking
C0133,2024-06,PF Varejo,63,9,802.94,Internet Banking
C0134,2024-01,PF Varejo,61,9,879.99,App
C0134,2024-02,PF Varejo,61,11,1368.61,App
C0134,2024-03,PF Varejo,61,8,1109.65,App
C0134,2024-04,PF Varejo,61,9,1088.61,App
C0134,2024-05,PF Varejo,61,8,915.42,App
C0134,2024-06,PF Varejo,61,11,1336.73,App
C0135,2024-01,PF Varejo,52,5,441.8,App
C0135,2024-02,PF Varejo,52,6,875.82,App
C0135,2024-03,PF Varejo,52,5,633.52,App
C0135,2024-04,PF Varejo,52,4,457.42,App
C0135,2024-05,PF Varejo,52,5,538.1,App
C0135,2024-06,PF Varejo,52,6,770.39,App
C0136,2024-01,PF Varejo,21,12,1238.51,App
C0136,2024-02,PF Varejo,21,10,1168.0,App
C0136,2024-03,PF Varejo,21,7,180.35,App
C0136,2024-04,PF Varejo,21,3,420.95,App
C0136,2024-05,PF Varejo,21,1,128.13,App
C0136,2024-06,PF Varejo,21,1,130.14,App
C0137,2024-01,PJ Pequeno Negocio,59,10,2356.17,App
C0137,2024-02,PJ Pequeno Negocio,59,9,2198.86,App
C0137,2024-03,PJ Pequeno Negocio,59,10,1397.11,App
C0137,2024-04,PJ Pequeno Negocio,59,9,3074.58,App
C0137,2024-05,PJ Pequeno Negocio,59,9,2329.78,App
C0137,2024-06,PJ Pequeno Negocio,59,11,2794.77,App
C0138,2024-01,PF Varejo,38,17,1991.01,App
C0138,2024-02,PF Varejo,38,14,1129.46,App
C0138,2024-03,PF Varejo,38,15,1882.7,App
C0138,2024-04,PF Varejo,38,14,1403.24,App
C0138,2024-05,PF Varejo,38,13,2720.65,App
C0138,2024-06,PF Varejo,38,12,1379.19,App
C0139,2024-01,PF Alta Renda,60,33,14332.75,App
C0139,2024-02,PF Alta Renda,60,32,7185.1,App
C0139,2024-03,PF Alta Renda,60,30,8372.45,App
C0139,2024-04,PF Alta Renda,60,31,11553.19,App
C0139,2024-05,PF Alta Renda,60,36,14342.43,App
C0139,2024-06,PF Alta Renda,60,31,9571.9,App
C0140,2024-01,PF Varejo,48,8,1093.06,App
C0140,2024-02,PF Varejo,48,8,677.51,App
C0140,2024-03,PF Varejo,48,9,613.05,App
C0140,2024-04,PF Varejo,48,9,1907.18,App
C0140,2024-05,PF Varejo,48,12,2030.71,App
C0140,2024-06,PF Varejo,48,7,864.72,App
C0141,2024-01,PF Varejo,68,12,1619.64,App
C0141,2024-02,PF Varejo,68,11,1336.21,App
C0141,2024-03,PF Varejo,68,9,944.52,App
C0141,2024-04,PF Varejo,68,9,908.18,App
C0141,2024-05,PF Varejo,68,11,1076.43,App
C0141,2024-06,PF Varejo,68,11,1221.05,App
C0142,2024-01,PF Varejo,37,11,689.31,Internet Banking
C0142,2024-02,PF Varejo,37,11,1430.77,Internet Banking
C0142,2024-03,PF Varejo,37,9,1292.9,Internet Banking
C0142,2024-04,PF Varejo,37,10,1074.17,Internet Banking
C0142,2024-05,PF Varejo,37,12,1392.43,Internet Banking
C0142,2024-06,PF Varejo,37,7,816.88,Internet Banking
C0143,2024-01,PJ Pequeno Negocio,71,41,6993.73,App
C0143,2024-02,PJ Pequeno Negocio,71,32,6973.97,App
C0143,2024-03,PJ Pequeno Negocio,71,32,7332.02,App
C0143,2024-04,PJ Pequeno Negocio,71,41,9161.98,App
C0143,2024-05,PJ Pequeno Negocio,71,37,8654.21,App
C0143,2024-06,PJ Pequeno Negocio,71,40,6638.2,App
C0144,2024-01,PF Varejo,66,5,641.26,App
C0144,2024-02,PF Varejo,66,6,758.44,App
C0144,2024-03,PF Varejo,66,5,609.76,App
C0144,2024-04,PF Varejo,66,5,755.91,App
C0144,2024-05,PF Varejo,66,5,389.92,App
C0144,2024-06,PF Varejo,66,6,1004.82,App
C0145,2024-01,PF Varejo,36,12,1070.69,Internet Banking
C0145,2024-02,PF Varejo,36,13,1423.8,Internet Banking
C0145,2024-03,PF Varejo,36,10,1271.69,Internet Banking
C0145,2024-04,PF Varejo,36,12,2231.82,Internet Banking
C0145,2024-05,PF Varejo,36,9,1249.14,Internet Banking
C0145,2024-06,PF Varejo,36,13,1781.01,Internet Banking
C0146,2024-01,PF Varejo,45,11,1268.76,Internet Banking
C0146,2024-02,PF Varejo,45,11,1101.27,Internet Banking
C0146,2024-03,PF Varejo,45,14,1515.54,Internet Banking
C0146,2024-04,PF Varejo,45,12,1471.3,Internet Banking
C0146,2024-05,PF Varejo,45,11,1991.79,Internet Banking
C0146,2024-06,PF Varejo,45,13,1402.52,Internet Banking
C0147,2024-01,PF Varejo,48,15,1592.65,App
C0147,2024-02,PF Varejo,48,15,995.49,App
C0147,2024-03,PF Varejo,48,9,743.56,App
C0147,2024-04,PF Varejo,48,4,371.76,App
C0147,2024-05,PF Varejo,48,1,145.36,App
C0147,2024-06,PF Varejo,48,1,85.31,App
C0148,2024-01,PF Varejo,61,6,799.68,App
C0148,2024-02,PF Varejo,61,6,637.93,App
C0148,2024-03,PF Varejo,61,8,897.37,App
C0148,2024-04,PF Varejo,61,6,676.09,App
C0148,2024-05,PF Varejo,61,5,672.95,App
C0148,2024-06,PF Varejo,61,6,604.91,App
C0149,2024-01,PF Varejo,57,18,2192.08,App
C0149,2024-02,PF Varejo,57,13,1378.72,App
C0149,2024-03,PF Varejo,57,18,1617.63,App
C0149,2024-04,PF Varejo,57,15,1654.5,App
C0149,2024-05,PF Varejo,57,17,2796.87,App
C0149,2024-06,PF Varejo,57,19,1508.99,App
C0150,2024-01,PF Varejo,66,7,988.62,App
C0150,2024-02,PF Varejo,66,9,557.06,App
C0150,2024-03,PF Varejo,66,8,1446.41,App
C0150,2024-04,PF Varejo,66,8,754.44,App
C0150,2024-05,PF Varejo,66,6,802.28,App
C0150,2024-06,PF Varejo,66,9,660.3,App
C0151,2024-01,PF Alta Renda,39,23,10877.62,App
C0151,2024-02,PF Alta Renda,39,24,13107.12,App
C0151,2024-03,PF Alta Renda,39,14,7271.63,App
C0151,2024-04,PF Alta Renda,39,7,1997.89,App
C0151,2024-05,PF Alta Renda,39,1,364.98,App
C0151,2024-06,PF Alta Renda,39,1,212.19,App
C0152,2024-01,PJ Pequeno Negocio,46,24,6076.21,App
C0152,2024-02,PJ Pequeno Negocio,46,25,8037.62,App
C0152,2024-03,PJ Pequeno Negocio,46,23,7304.65,App
C0152,2024-04,PJ Pequeno Negocio,46,28,8943.87,App
C0152,2024-05,PJ Pequeno Negocio,46,24,6463.23,App
C0152,2024-06,PJ Pequeno Negocio,46,23,6645.65,App
C0153,2024-01,PF Varejo,42,8,664.71,App
C0153,2024-02,PF Varejo,42,9,679.41,App
C0153,2024-03,PF Varejo,42,6,625.82,App
C0153,2024-04,PF Varejo,42,9,851.18,App
C0153,2024-05,PF Varejo,42,8,1402.12,App
C0153,2024-06,PF Varejo,42,8,1095.25,App
C0154,2024-01,PF Varejo,69,11,1047.0,App
C0154,2024-02,PF Varejo,69,13,1298.86,App
C0154,2024-03,PF Varejo,69,8,716.93,App
C0154,2024-04,PF Varejo,69,4,400.57,App
C0154,2024-05,PF Varejo,69,1,68.14,App
C0154,2024-06,PF Varejo,69,1,91.71,App
C0155,2024-01,PF Varejo,35,11,1706.05,Internet Banking
C0155,2024-02,PF Varejo,35,11,1179.53,Internet Banking
C0155,2024-03,PF Varejo,35,13,1919.41,Internet Banking
C0155,2024-04,PF Varejo,35,12,534.36,Internet Banking
C0155,2024-05,PF Varejo,35,13,820.04,Internet Banking
C0155,2024-06,PF Varejo,35,12,1371.21,Internet Banking
C0156,2024-01,PF Alta Renda,51,12,3066.06,App
C0156,2024-02,PF Alta Renda,51,12,5496.51,App
C0156,2024-03,PF Alta Renda,51,10,5116.07,App
C0156,2024-04,PF Alta Renda,51,14,5783.98,App
C0156,2024-05,PF Alta Renda,51,12,4841.49,App
C0156,2024-06,PF Alta Renda,51,13,4768.65,App
C0157,2024-01,PF Varejo,24,8,913.16,App
C0157,2024-02,PF Varejo,24,7,1064.4,App
C0157,2024-03,PF Varejo,24,8,1038.22,App
C0157,2024-04,PF Varejo,24,6,733.26,App
C0157,2024-05,PF Varejo,24,6,591.73,App
C0157,2024-06,PF Varejo,24,5,615.62,App
C0158,2024-01,PF Alta Renda,66,27,7562.72,App
C0158,2024-02,PF Alta Renda,66,31,8039.41,App
C0158,2024-03,PF Alta Renda,66,30,14016.17,App
C0158,2024-04,PF Alta Renda,66,24,7464.18,App
C0158,2024-05,PF Alta Renda,66,30,11366.08,App
C0158,2024-06,PF Alta Renda,66,36,13210.46,App
C0159,2024-01,PF Alta Renda,39,21,9280.11,App
C0159,2024-02,PF Alta Renda,39,22,8014.66,App
C0159,2024-03,PF Alta Renda,39,21,5578.17,App
C0159,2024-04,PF Alta Renda,39,19,11085.77,App
C0159,2024-05,PF Alta Renda,39,21,9092.08,App
C0159,2024-06,PF Alta Renda,39,23,5962.27,App
C0160,2024-01,PF Alta Renda,37,22,7001.94,App
C0160,2024-02,PF Alta Renda,37,19,6449.15,App
C0160,2024-03,PF Alta Renda,37,19,11580.53,App
C0160,2024-04,PF Alta Renda,37,22,12087.43,App
C0160,2024-05,PF Alta Renda,37,20,8722.16,App
C0160,2024-06,PF Alta Renda,37,21,7778.66,App
C0161,2024-01,PF Varejo,51,7,886.74,Internet Banking
C0161,2024-02,PF Varejo,51,9,775.06,Internet Banking
C0161,2024-03,PF Varejo,51,13,1549.55,Internet Banking
C0161,2024-04,PF Varejo,51,8,840.16,Internet Banking
C0161,2024-05,PF Varejo,51,12,1160.76,Internet Banking
C0161,2024-06,PF Varejo,51,10,1966.2,Internet Banking
C0162,2024-01,PJ Pequeno Negocio,46,37,11294.55,Internet Banking
C0162,2024-02,PJ Pequeno Negocio,46,32,9777.0,Internet Banking
C0162,2024-03,PJ Pequeno Negocio,46,37,11723.12,Internet Banking
C0162,2024-04,PJ Pequeno Negocio,46,28,6147.77,Internet Banking
C0162,2024-05,PJ Pequeno Negocio,46,40,6809.91,Internet Banking
C0162,2024-06,PJ Pequeno Negocio,46,39,6815.26,Internet Banking
C0163,2024-01,PF Varejo,66,7,772.36,Internet Banking
C0163,2024-02,PF Varejo,66,6,621.82,Internet Banking
C0163,2024-03,PF Varejo,66,6,926.23,Internet Banking
C0163,2024-04,PF Varejo,66,7,1139.23,Internet Banking
C0163,2024-05,PF Varejo,66,6,849.66,Internet Banking
C0163,2024-06,PF Varejo,66,7,706.48,Internet Banking
C0164,2024-01,PF Varejo,48,7,983.4,Internet Banking
C0164,2024-02,PF Varejo,48,9,941.97,Internet Banking
C0164,2024-03,PF Varejo,48,8,1092.51,Internet Banking
C0164,2024-04,PF Varejo,48,8,1075.71,Internet Banking
C0164,2024-05,PF Varejo,48,9,1643.02,Internet Banking
C0164,2024-06,PF Varejo,48,9,1136.16,Internet Banking
C0165,2024-01,PF Varejo,47,5,728.97,Internet Banking
C0165,2024-02,PF Varejo,47,6,768.18,Internet Banking
C0165,2024-03,PF Varejo,47,4,374.99,Internet Banking
C0165,2024-04,PF Varejo,47,6,856.3,Internet Banking
C0165,2024-05,PF Varejo,47,4,427.96,Internet Banking
C0165,2024-06,PF Varejo,47,6,745.76,Internet Banking
C0166,2024-01,PF Varejo,23,14,1203.27,Internet Banking
C0166,2024-02,PF Varejo,23,14,2054.83,Internet Banking
C0166,2024-03,PF Varejo,23,13,1596.56,Internet Banking
C0166,2024-04,PF Varejo,23,10,1426.33,Internet Banking
C0166,2024-05,PF Varejo,23,13,1984.73,Internet Banking
C0166,2024-06,PF Varejo,23,14,1711.16,Internet Banking
C0167,2024-01,PF Alta Renda,19,36,11627.09,App
C0167,2024-02,PF Alta Renda,19,27,14568.82,App
C0167,2024-03,PF Alta Renda,19,40,18125.09,App
C0167,2024-04,PF Alta Renda,19,26,7402.88,App
C0167,2024-05,PF Alta Renda,19,39,13496.88,App
C0167,2024-06,PF Alta Renda,19,29,11971.01,App
C0168,2024-01,PF Alta Renda,40,32,16082.76,App
C0168,2024-02,PF Alta Renda,40,37,14384.49,App
C0168,2024-03,PF Alta Renda,40,29,10373.22,App
C0168,2024-04,PF Alta Renda,40,27,11257.26,App
C0168,2024-05,PF Alta Renda,40,31,17017.28,App
C0168,2024-06,PF Alta Renda,40,28,13265.71,App
C0169,2024-01,PF Varejo,74,10,1031.06,App
C0169,2024-02,PF Varejo,74,11,1341.81,App
C0169,2024-03,PF Varejo,74,10,1313.18,App
C0169,2024-04,PF Varejo,74,9,992.43,App
C0169,2024-05,PF Varejo,74,9,1157.17,App
C0169,2024-06,PF Varejo,74,10,1189.09,App
C0170,2024-01,PJ Pequeno Negocio,70,45,11891.06,App
C0170,2024-02,PJ Pequeno Negocio,70,61,13367.94,App
C0170,2024-03,PJ Pequeno Negocio,70,48,7344.9,App
C0170,2024-04,PJ Pequeno Negocio,70,47,13639.89,App
C0170,2024-05,PJ Pequeno Negocio,70,45,13696.02,App
C0170,2024-06,PJ Pequeno Negocio,70,43,9607.47,App
C0171,2024-01,PF Varejo,53,6,903.79,App
C0171,2024-02,PF Varejo,53,7,964.78,App
C0171,2024-03,PF Varejo,53,7,1132.31,App
C0171,2024-04,PF Varejo,53,5,712.22,App
C0171,2024-05,PF Varejo,53,5,433.69,App
C0171,2024-06,PF Varejo,53,6,627.9,App
C0172,2024-01,PF Varejo,53,11,769.01,Internet Banking
C0172,2024-02,PF Varejo,53,8,684.22,Internet Banking
C0172,2024-03,PF Varejo,53,11,1289.34,Internet Banking
C0172,2024-04,PF Varejo,53,11,1444.14,Internet Banking
C0172,2024-05,PF Varejo,53,12,906.71,Internet Banking
C0172,2024-06,PF Varejo,53,11,1308.53,Internet Banking
C0173,2024-01,PF Varejo,40,14,1915.39,App
C0173,2024-02,PF Varejo,40,17,2540.89,App
C0173,2024-03,PF Varejo,40,15,1881.22,App
C0173,2024-04,PF Varejo,40,16,2645.51,App
C0173,2024-05,PF Varejo,40,19,2026.68,App
C0173,2024-06,PF Varejo,40,13,1129.89,App
C0174,2024-01,PJ Pequeno Negocio,28,48,14436.98,App
C0174,2024-02,PJ Pequeno Negocio,28,38,12184.22,App
C0174,2024-03,PJ Pequeno Negocio,28,43,7795.51,App
C0174,2024-04,PJ Pequeno Negocio,28,42,10169.93,App
C0174,2024-05,PJ Pequeno Negocio,28,49,10001.57,App
C0174,2024-06,PJ Pequeno Negocio,28,40,8015.42,App
C0175,2024-01,PF Varejo,18,6,500.14,App
C0175,2024-02,PF Varejo,18,6,841.87,App
C0175,2024-03,PF Varejo,18,4,270.36,App
C0175,2024-04,PF Varejo,18,2,232.35,App
C0175,2024-05,PF Varejo,18,0,0.0,App
C0175,2024-06,PF Varejo,18,0,0.0,App
C0176,2024-01,PF Varejo,37,13,1569.13,App
C0176,2024-02,PF Varejo,37,11,1125.15,App
C0176,2024-03,PF Varejo,37,14,1951.62,App
C0176,2024-04,PF Varejo,37,13,1797.75,App
C0176,2024-05,PF Varejo,37,14,1963.17,App
C0176,2024-06,PF Varejo,37,12,2004.91,App
C0177,2024-01,PF Varejo,36,10,1053.43,App
C0177,2024-02,PF Varejo,36,11,1386.71,App
C0177,2024-03,PF Varejo,36,6,659.54,App
C0177,2024-04,PF Varejo,36,4,489.6,App
C0177,2024-05,PF Varejo,36,1,73.11,App
C0177,2024-06,PF Varejo,36,1,146.24,App
C0178,2024-01,PJ Pequeno Negocio,28,33,8053.08,Internet Banking
C0178,2024-02,PJ Pequeno Negocio,28,37,9150.49,Internet Banking
C0178,2024-03,PJ Pequeno Negocio,28,34,10036.65,Internet Banking
C0178,2024-04,PJ Pequeno Negocio,28,41,6943.71,Internet Banking
C0178,2024-05,PJ Pequeno Negocio,28,30,9665.79,Internet Banking
C0178,2024-06,PJ Pequeno Negocio,28,34,8547.43,Internet Banking
C0179,2024-01,PJ Pequeno Negocio,32,38,9380.37,App
C0179,2024-02,PJ Pequeno Negocio,32,36,13090.77,App
C0179,2024-03,PJ Pequeno Negocio,32,27,7212.45,App
C0179,2024-04,PJ Pequeno Negocio,32,13,3251.29,App
C0179,2024-05,PJ Pequeno Negocio,32,2,510.38,App
C0179,2024-06,PJ Pequeno Negocio,32,2,453.48,App
C0180,2024-01,PF Alta Renda,19,25,10236.0,App
C0180,2024-02,PF Alta Renda,19,29,12133.79,App
C0180,2024-03,PF Alta Renda,19,20,11317.02,App
C0180,2024-04,PF Alta Renda,19,15,9083.74,App
C0180,2024-05,PF Alta Renda,19,34,18051.22,App
C0180,2024-06,PF Alta Renda,19,21,9816.33,App
C0181,2024-01,PJ Pequeno Negocio,52,42,13536.74,App
C0181,2024-02,PJ Pequeno Negocio,52,45,6630.9,App
C0181,2024-03,PJ Pequeno Negocio,52,29,7791.4,App
C0181,2024-04,PJ Pequeno Negocio,52,13,4129.82,App
C0181,2024-05,PJ Pequeno Negocio,52,2,441.52,App
C0181,2024-06,PJ Pequeno Negocio,52,2,502.86,App
C0182,2024-01,PJ Pequeno Negocio,70,39,10667.51,App
C0182,2024-02,PJ Pequeno Negocio,70,39,9718.07,App
C0182,2024-03,PJ Pequeno Negocio,70,45,12965.06,App
C0182,2024-04,PJ Pequeno Negocio,70,33,7513.9,App
C0182,2024-05,PJ Pequeno Negocio,70,44,12541.48,App
C0182,2024-06,PJ Pequeno Negocio,70,45,9396.09,App
C0183,2024-01,PF Varejo,57,5,715.88,App
C0183,2024-02,PF Varejo,57,6,694.54,App
C0183,2024-03,PF Varejo,57,5,643.61,App
C0183,2024-04,PF Varejo,57,5,555.24,App
C0183,2024-05,PF Varejo,57,5,430.09,App
C0183,2024-06,PF Varejo,57,5,680.18,App
C0184,2024-01,PF Varejo,43,9,1902.99,Internet Banking
C0184,2024-02,PF Varejo,43,11,1242.24,Internet Banking
C0184,2024-03,PF Varejo,43,13,1778.31,Internet Banking
C0184,2024-04,PF Varejo,43,14,1844.63,Internet Banking
C0184,2024-05,PF Varejo,43,11,917.2,Internet Banking
C0184,2024-06,PF Varejo,43,11,1277.8,Internet Banking
C0185,2024-01,PF Alta Renda,41,9,2039.32,Internet Banking
C0185,2024-02,PF Alta Renda,41,11,4851.86,Internet Banking
C0185,2024-03,PF Alta Renda,41,11,2395.77,Internet Banking
C0185,2024-04,PF Alta Renda,41,8,3751.16,Internet Banking
C0185,2024-05,PF Alta Renda,41,12,3766.45,Internet Banking
C0185,2024-06,PF Alta Renda,41,8,3192.32,Internet Banking
C0186,2024-01,PF Alta Renda,35,35,18784.55,App
C0186,2024-02,PF Alta Renda,35,42,25549.07,App
C0186,2024-03,PF Alta Renda,35,40,16996.86,App
C0186,2024-04,PF Alta Renda,35,37,15247.8,App
C0186,2024-05,PF Alta Renda,35,40,14357.32,App
C0186,2024-06,PF Alta Renda,35,30,9421.44,App
C0187,2024-01,PF Varejo,26,16,1670.9,Internet Banking
C0187,2024-02,PF Varejo,26,19,2227.48,Internet Banking
C0187,2024-03,PF Varejo,26,13,2472.1,Internet Banking
C0187,2024-04,PF Varejo,26,14,1582.23,Internet Banking
C0187,2024-05,PF Varejo,26,17,2000.39,Internet Banking
C0187,2024-06,PF Varejo,26,13,1385.57,Internet Banking
C0188,2024-01,PF Varejo,52,16,2324.32,App
C0188,2024-02,PF Varejo,52,15,1694.4,App
C0188,2024-03,PF Varejo,52,9,939.35,App
C0188,2024-04,PF Varejo,52,4,455.27,App
C0188,2024-05,PF Varejo,52,1,141.23,App
C0188,2024-06,PF Varejo,52,1,106.35,App
C0189,2024-01,PF Alta Renda,50,21,8828.54,Internet Banking
C0189,2024-02,PF Alta Renda,50,23,8837.47,Internet Banking
C0189,2024-03,PF Alta Renda,50,23,9246.01,Internet Banking
C0189,2024-04,PF Alta Renda,50,25,12073.42,Internet Banking
C0189,2024-05,PF Alta Renda,50,24,11981.63,Internet Banking
C0189,2024-06,PF Alta Renda,50,26,8882.23,Internet Banking
C0190,2024-01,PF Varejo,18,13,2222.71,App
C0190,2024-02,PF Varejo,18,14,1717.39,App
C0190,2024-03,PF Varejo,18,11,1856.56,App
C0190,2024-04,PF Varejo,18,16,2791.73,App
C0190,2024-05,PF Varejo,18,11,1570.59,App
C0190,2024-06,PF Varejo,18,12,2034.85,App
C0191,2024-01,PJ Pequeno Negocio,41,35,11238.2,App
C0191,2024-02,PJ Pequeno Negocio,41,29,8297.13,App
C0191,2024-03,PJ Pequeno Negocio,41,33,13594.0,App
C0191,2024-04,PJ Pequeno Negocio,41,35,9449.79,App
C0191,2024-05,PJ Pequeno Negocio,41,32,8555.34,App
C0191,2024-06,PJ Pequeno Negocio,41,30,10220.02,App
C0192,2024-01,PF Varejo,33,9,1369.38,Internet Banking
C0192,2024-02,PF Varejo,33,9,1053.18,Internet Banking
C0192,2024-03,PF Varejo,33,12,1460.74,Internet Banking
C0192,2024-04,PF Varejo,33,10,1838.92,Internet Banking
C0192,2024-05,PF Varejo,33,8,677.19,Internet Banking
C0192,2024-06,PF Varejo,33,10,1172.25,Internet Banking
C0193,2024-01,PF Varejo,27,8,529.77,App
C0193,2024-02,PF Varejo,27,6,775.28,App
C0193,2024-03,PF Varejo,27,6,837.97,App
C0193,2024-04,PF Varejo,27,8,1061.59,App
C0193,2024-05,PF Varejo,27,9,510.3,App
C0193,2024-06,PF Varejo,27,7,739.16,App
C0194,2024-01,PF Alta Renda,58,19,9818.94,App
C0194,2024-02,PF Alta Renda,58,16,6125.78,App
C0194,2024-03,PF Alta Renda,58,16,5964.81,App
C0194,2024-04,PF Alta Renda,58,18,7346.99,App
C0194,2024-05,PF Alta Renda,58,18,6566.63,App
C0194,2024-06,PF Alta Renda,58,16,3796.11,App
C0195,2024-01,PF Varejo,47,14,611.77,App
C0195,2024-02,PF Varejo,47,15,1817.16,App
C0195,2024-03,PF Varejo,47,13,1549.92,App
C0195,2024-04,PF Varejo,47,12,1397.7,App
C0195,2024-05,PF Varejo,47,15,2005.23,App
C0195,2024-06,PF Varejo,47,18,581.03,App
C0196,2024-01,PF Varejo,54,6,729.99,App
C0196,2024-02,PF Varejo,54,6,791.32,App
C0196,2024-03,PF Varejo,54,5,729.93,App
C0196,2024-04,PF Varejo,54,2,237.1,App
C0196,2024-05,PF Varejo,54,0,0.0,App
C0196,2024-06,PF Varejo,54,0,0.0,App
C0197,2024-01,PF Varejo,58,10,1267.28,App
C0197,2024-02,PF Varejo,58,9,1004.1,App
C0197,2024-03,PF Varejo,58,8,801.21,App
C0197,2024-04,PF Varejo,58,9,732.92,App
C0197,2024-05,PF Varejo,58,8,1167.16,App
C0197,2024-06,PF Varejo,58,9,820.24,App
C0198,2024-01,PJ Pequeno Negocio,73,27,7284.54,Internet Banking
C0198,2024-02,PJ Pequeno Negocio,73,19,5489.93,Internet Banking
C0198,2024-03,PJ Pequeno Negocio,73,16,4363.22,Internet Banking
C0198,2024-04,PJ Pequeno Negocio,73,6,1601.99,Internet Banking
C0198,2024-05,PJ Pequeno Negocio,73,1,301.61,Internet Banking
C0198,2024-06,PJ Pequeno Negocio,73,1,187.69,Internet Banking
C0199,2024-01,PF Varejo,63,6,677.54,Internet Banking
C0199,2024-02,PF Varejo,63,7,1254.04,Internet Banking
C0199,2024-03,PF Varejo,63,4,229.4,Internet Banking
C0199,2024-04,PF Varejo,63,2,160.7,Internet Banking
C0199,2024-05,PF Varejo,63,0,0.0,Internet Banking
C0199,2024-06,PF Varejo,63,0,0.0,Internet Banking
C0200,2024-01,PF Varejo,53,8,1309.46,App
C0200,2024-02,PF Varejo,53,9,1139.28,App
C0200,2024-03,PF Varejo,53,5,501.25,App
C0200,2024-04,PF Varejo,53,3,387.05,App
C0200,2024-05,PF Varejo,53,0,0.0,App
C0200,2024-06,PF Varejo,53,1,103.45,App
C0201,2024-01,PF Alta Renda,68,20,5696.26,App
C0201,2024-02,PF Alta Renda,68,14,7929.74,App
C0201,2024-03,PF Alta Renda,68,16,6211.84,App
C0201,2024-04,PF Alta Renda,68,20,11142.36,App
C0201,2024-05,PF Alta Renda,68,17,8879.45,App
C0201,2024-06,PF Alta Renda,68,19,5403.61,App
C0202,2024-01,PJ Pequeno Negocio,45,43,12854.58,App
C0202,2024-02,PJ Pequeno Negocio,45,36,8215.29,App
C0202,2024-03,PJ Pequeno Negocio,45,36,11894.95,App
C0202,2024-04,PJ Pequeno Negocio,45,29,5320.69,App
C0202,2024-05,PJ Pequeno Negocio,45,36,14285.28,App
C0202,2024-06,PJ Pequeno Negocio,45,36,10444.14,App
C0203,2024-01,PF Varejo,74,8,1344.38,App
C0203,2024-02,PF Varejo,74,8,1012.93,App
C0203,2024-03,PF Varejo,74,9,1064.36,App
C0203,2024-04,PF Varejo,74,9,874.3,App
C0203,2024-05,PF Varejo,74,6,716.01,App
C0203,2024-06,PF Varejo,74,6,969.02,App
C0204,2024-01,PF Varejo,61,11,1278.37,App
C0204,2024-02,PF Varejo,61,12,1474.56,App
C0204,2024-03,PF Varejo,61,10,1366.22,App
C0204,2024-04,PF Varejo,61,11,1357.48,App
C0204,2024-05,PF Varejo,61,10,1057.32,App
C0204,2024-06,PF Varejo,61,9,819.66,App
C0205,2024-01,PF Varejo,55,9,1290.18,Internet Banking
C0205,2024-02,PF Varejo,55,8,918.02,Internet Banking
C0205,2024-03,PF Varejo,55,9,1527.96,Internet Banking
C0205,2024-04,PF Varejo,55,7,807.11,Internet Banking
C0205,2024-05,PF Varejo,55,9,835.55,Internet Banking
C0205,2024-06,PF Varejo,55,8,954.97,Internet Banking
C0206,2024-01,PF Varejo,69,8,684.41,Internet Banking
C0206,2024-02,PF Varejo,69,8,956.74,Internet Banking
C0206,2024-03,PF Varejo,69,11,1633.26,Internet Banking
C0206,2024-04,PF Varejo,69,8,1070.51,Internet Banking
C0206,2024-05,PF Varejo,69,12,1149.73,Internet Banking
C0206,2024-06,PF Varejo,69,9,1124.7,Internet Banking
C0207,2024-01,PF Varejo,47,7,707.52,Internet Banking
C0207,2024-02,PF Varejo,47,6,791.88,Internet Banking
C0207,2024-03,PF Varejo,47,7,846.62,Internet Banking
C0207,2024-04,PF Varejo,47,8,931.84,Internet Banking
C0207,2024-05,PF Varejo,47,8,1192.77,Internet Banking
C0207,2024-06,PF Varejo,47,8,1048.5,Internet Banking
C0208,2024-01,PF Alta Renda,59,21,6725.87,App
C0208,2024-02,PF Alta Renda,59,20,10475.36,App
C0208,2024-03,PF Alta Renda,59,24,5336.55,App
C0208,2024-04,PF Alta Renda,59,26,9370.28,App
C0208,2024-05,PF Alta Renda,59,21,6568.71,App
C0208,2024-06,PF Alta Renda,59,32,11942.98,App
C0209,2024-01,PF Varejo,34,5,602.39,App
C0209,2024-02,PF Varejo,34,6,703.92,App
C0209,2024-03,PF Varejo,34,6,509.84,App
C0209,2024-04,PF Varejo,34,6,846.03,App
C0209,2024-05,PF Varejo,34,6,841.46,App
C0209,2024-06,PF Varejo,34,6,671.51,App
C0210,2024-01,PF Varejo,72,5,401.93,App
C0210,2024-02,PF Varejo,72,6,618.42,App
C0210,2024-03,PF Varejo,72,5,822.83,App
C0210,2024-04,PF Varejo,72,5,559.19,App
C0210,2024-05,PF Varejo,72,5,483.36,App
C0210,2024-06,PF Varejo,72,6,774.52,App
C0211,2024-01,PF Alta Renda,53,21,8265.08,App
C0211,2024-02,PF Alta Renda,53,14,5618.7,App
C0211,2024-03,PF Alta Renda,53,13,6815.14,App
C0211,2024-04,PF Alta Renda,53,20,8653.42,App
C0211,2024-05,PF Alta Renda,53,15,7052.72,App
C0211,2024-06,PF Alta Renda,53,18,5655.97,App
C0212,2024-01,PF Varejo,62,8,1406.02,App
C0212,2024-02,PF Varejo,62,6,757.44,App
C0212,2024-03,PF Varejo,62,4,452.92,App
C0212,2024-04,PF Varejo,62,2,286.4,App
C0212,2024-05,PF Varejo,62,0,0.0,App
C0212,2024-06,PF Varejo,62,0,0.0,App
C0213,2024-01,PF Varejo,44,10,1149.23,App
C0213,2024-02,PF Varejo,44,9,1391.94,App
C0213,2024-03,PF Varejo,44,10,735.44,App
C0213,2024-04,PF Varejo,44,10,1681.44,App
C0213,2024-05,PF Varejo,44,11,439.25,App
C0213,2024-06,PF Varejo,44,10,1579.77,App
C0214,2024-01,PF Alta Renda,67,26,9859.25,App
C0214,2024-02,PF Alta Renda,67,32,14082.99,App
C0214,2024-03,PF Alta Renda,67,37,18482.31,App
C0214,2024-04,PF Alta Renda,67,33,12924.55,App
C0214,2024-05,PF Alta Renda,67,41,16078.19,App
C0214,2024-06,PF Alta Renda,67,32,14661.93,App
C0215,2024-01,PF Alta Renda,22,24,10721.89,Internet Banking
C0215,2024-02,PF Alta Renda,22,24,13200.79,Internet Banking
C0215,2024-03,PF Alta Renda,22,20,8285.46,Internet Banking
C0215,2024-04,PF Alta Renda,22,24,16465.25,Internet Banking
C0215,2024-05,PF Alta Renda,22,25,11071.87,Internet Banking
C0215,2024-06,PF Alta Renda,22,19,6908.52,Internet Banking
C0216,2024-01,PF Alta Renda,24,20,6891.08,App
C0216,2024-02,PF Alta Renda,24,23,7944.41,App
C0216,2024-03,PF Alta Renda,24,12,4234.33,App
C0216,2024-04,PF Alta Renda,24,6,2076.14,App
C0216,2024-05,PF Alta Renda,24,1,440.59,App
C0216,2024-06,PF Alta Renda,24,1,516.61,App
C0217,2024-01,PF Varejo,46,21,4130.41,Internet Banking
C0217,2024-02,PF Varejo,46,17,1627.46,Internet Banking
C0217,2024-03,PF Varejo,46,17,1692.96,Internet Banking
C0217,2024-04,PF Varejo,46,19,1257.98,Internet Banking
C0217,2024-05,PF Varejo,46,14,1997.18,Internet Banking
C0217,2024-06,PF Varejo,46,18,2497.15,Internet Banking
C0218,2024-01,PF Varejo,59,12,1525.9,App
C0218,2024-02,PF Varejo,59,9,944.39,App
C0218,2024-03,PF Varejo,59,14,2253.82,App
C0218,2024-04,PF Varejo,59,8,902.36,App
C0218,2024-05,PF Varejo,59,10,1459.02,App
C0218,2024-06,PF Varejo,59,11,1967.1,App
C0219,2024-01,PJ Pequeno Negocio,64,25,5704.93,App
C0219,2024-02,PJ Pequeno Negocio,64,21,5940.13,App
C0219,2024-03,PJ Pequeno Negocio,64,22,5575.36,App
C0219,2024-04,PJ Pequeno Negocio,64,26,9056.27,App
C0219,2024-05,PJ Pequeno Negocio,64,32,7397.78,App
C0219,2024-06,PJ Pequeno Negocio,64,22,7337.23,App
C0220,2024-01,PF Varejo,43,8,549.57,App
C0220,2024-02,PF Varejo,43,9,866.66,App
C0220,2024-03,PF Varejo,43,10,1076.83,App
C0220,2024-04,PF Varejo,43,10,1190.4,App
C0220,2024-05,PF Varejo,43,9,1523.34,App
C0220,2024-06,PF Varejo,43,8,987.01,App
C0221,2024-01,PF Varejo,55,15,2123.44,App
C0221,2024-02,PF Varejo,55,17,1920.57,App
C0221,2024-03,PF Varejo,55,15,705.12,App
C0221,2024-04,PF Varejo,55,13,2021.97,App
C0221,2024-05,PF Varejo,55,14,2237.76,App
C0221,2024-06,PF Varejo,55,15,2543.04,App
C0222,2024-01,PF Varejo,49,8,844.05,App
C0222,2024-02,PF Varejo,49,7,789.89,App
C0222,2024-03,PF Varejo,49,7,845.7,App
C0222,2024-04,PF Varejo,49,9,1342.56,App
C0222,2024-05,PF Varejo,49,7,571.84,App
C0222,2024-06,PF Varejo,49,7,806.86,App
C0223,2024-01,PF Alta Renda,72,13,4103.54,App
C0223,2024-02,PF Alta Renda,72,12,3897.61,App
C0223,2024-03,PF Alta Renda,72,8,1837.37,App
C0223,2024-04,PF Alta Renda,72,3,369.27,App
C0223,2024-05,PF Alta Renda,72,1,348.3,App
C0223,2024-06,PF Alta Renda,72,0,0.0,App
C0224,2024-01,PJ Pequeno Negocio,55,40,5695.23,Internet Banking
C0224,2024-02,PJ Pequeno Negocio,55,27,10679.59,Internet Banking
C0224,2024-03,PJ Pequeno Negocio,55,40,11154.28,Internet Banking
C0224,2024-04,PJ Pequeno Negocio,55,28,6317.6,Internet Banking
C0224,2024-05,PJ Pequeno Negocio,55,34,10768.23,Internet Banking
C0224,2024-06,PJ Pequeno Negocio,55,36,6009.83,Internet Banking
C0225,2024-01,PF Varejo,41,8,873.42,App
C0225,2024-02,PF Varejo,41,10,1699.14,App
C0225,2024-03,PF Varejo,41,9,977.38,App
C0225,2024-04,PF Varejo,41,9,1355.14,App
C0225,2024-05,PF Varejo,41,8,839.85,App
C0225,2024-06,PF Varejo,41,7,911.8,App
C0226,2024-01,PJ Pequeno Negocio,73,38,7639.8,App
C0226,2024-02,PJ Pequeno Negocio,73,32,9226.58,App
C0226,2024-03,PJ Pequeno Negocio,73,46,14216.3,App
C0226,2024-04,PJ Pequeno Negocio,73,32,9774.43,App
C0226,2024-05,PJ Pequeno Negocio,73,44,9123.86,App
C0226,2024-06,PJ Pequeno Negocio,73,31,6541.76,App
C0227,2024-01,PF Varejo,24,11,1615.28,App
C0227,2024-02,PF Varejo,24,11,1230.2,App
C0227,2024-03,PF Varejo,24,11,1424.74,App
C0227,2024-04,PF Varejo,24,9,1519.72,App
C0227,2024-05,PF Varejo,24,12,2094.8,App
C0227,2024-06,PF Varejo,24,9,1111.57,App
C0228,2024-01,PF Varejo,74,6,765.09,App
C0228,2024-02,PF Varejo,74,5,522.3,App
C0228,2024-03,PF Varejo,74,6,952.37,App
C0228,2024-04,PF Varejo,74,5,550.57,App
C0228,2024-05,PF Varejo,74,5,357.04,App
C0228,2024-06,PF Varejo,74,6,794.19,App
C0229,2024-01,PF Varejo,26,12,1534.7,App
C0229,2024-02,PF Varejo,26,13,1783.43,App
C0229,2024-03,PF Varejo,26,10,1107.94,App
C0229,2024-04,PF Varejo,26,11,1254.71,App
C0229,2024-05,PF Varejo,26,10,799.41,App
C0229,2024-06,PF Varejo,26,9,1013.52,App
C0230,2024-01,PF Varejo,34,9,1793.86,App
C0230,2024-02,PF Varejo,34,9,572.13,App
C0230,2024-03,PF Varejo,34,6,474.56,App
C0230,2024-04,PF Varejo,34,3,470.43,App
C0230,2024-05,PF Varejo,34,0,0.0,App
C0230,2024-06,PF Varejo,34,0,0.0,App
C0231,2024-01,PF Varejo,64,16,1712.54,Internet Banking
C0231,2024-02,PF Varejo,64,17,747.88,Internet Banking
C0231,2024-03,PF Varejo,64,9,1299.32,Internet Banking
C0231,2024-04,PF Varejo,64,5,839.13,Internet Banking
C0231,2024-05,PF Varejo,64,1,96.69,Internet Banking
C0231,2024-06,PF Varejo,64,1,156.71,Internet Banking
C0232,2024-01,PF Varejo,59,10,1792.73,Internet Banking
C0232,2024-02,PF Varejo,59,12,1127.2,Internet Banking
C0232,2024-03,PF Varejo,59,14,2086.12,Internet Banking
C0232,2024-04,PF Varejo,59,13,1651.44,Internet Banking
C0232,2024-05,PF Varejo,59,12,1170.04,Internet Banking
C0232,2024-06,PF Varejo,59,13,1494.69,Internet Banking
C0233,2024-01,PJ Pequeno Negocio,73,26,5743.63,App
C0233,2024-02,PJ Pequeno Negocio,73,34,6826.93,App
C0233,2024-03,PJ Pequeno Negocio,73,28,6451.38,App
C0233,2024-04,PJ Pequeno Negocio,73,34,5960.57,App
C0233,2024-05,PJ Pequeno Negocio,73,25,5420.01,App
C0233,2024-06,PJ Pequeno Negocio,73,31,5914.75,App
C0234,2024-01,PF Varejo,60,12,1184.39,App
C0234,2024-02,PF Varejo,60,13,1297.69,App
C0234,2024-03,PF Varejo,60,7,766.87,App
C0234,2024-04,PF Varejo,60,3,209.24,App
C0234,2024-05,PF Varejo,60,0,0.0,App
C0234,2024-06,PF Varejo,60,0,0.0,App
C0235,2024-01,PJ Pequeno Negocio,54,30,8423.38,App
C0235,2024-02,PJ Pequeno Negocio,54,45,9773.19,App
C0235,2024-03,PJ Pequeno Negocio,54,35,6558.32,App
C0235,2024-04,PJ Pequeno Negocio,54,34,9590.33,App
C0235,2024-05,PJ Pequeno Negocio,54,42,13612.35,App
C0235,2024-06,PJ Pequeno Negocio,54,48,14706.57,App
C0236,2024-01,PF Alta Renda,37,20,9569.27,Internet Banking
C0236,2024-02,PF Alta Renda,37,19,10126.24,Internet Banking
C0236,2024-03,PF Alta Renda,37,23,9089.3,Internet Banking
C0236,2024-04,PF Alta Renda,37,19,10175.47,Internet Banking
C0236,2024-05,PF Alta Renda,37,24,9325.44,Internet Banking
C0236,2024-06,PF Alta Renda,37,17,8081.11,Internet Banking
C0237,2024-01,PF Varejo,18,6,650.58,App
C0237,2024-02,PF Varejo,18,5,470.55,App
C0237,2024-03,PF Varejo,18,5,524.43,App
C0237,2024-04,PF Varejo,18,5,737.6,App
C0237,2024-05,PF Varejo,18,5,564.39,App
C0237,2024-06,PF Varejo,18,5,468.39,App
C0238,2024-01,PF Alta Renda,25,17,4034.49,App
C0238,2024-02,PF Alta Renda,25,16,5601.68,App
C0238,2024-03,PF Alta Renda,25,15,5000.33,App
C0238,2024-04,PF Alta Renda,25,20,8817.8,App
C0238,2024-05,PF Alta Renda,25,20,8591.96,App
C0238,2024-06,PF Alta Renda,25,20,8467.44,App
C0239,2024-01,PF Varejo,34,12,1552.55,App
C0239,2024-02,PF Varejo,34,11,1373.83,App
C0239,2024-03,PF Varejo,34,14,1627.93,App
C0239,2024-04,PF Varejo,34,8,795.41,App
C0239,2024-05,PF Varejo,34,11,1359.41,App
C0239,2024-06,PF Varejo,34,14,1793.8,App
C0240,2024-01,PF Varejo,20,11,1099.85,Internet Banking
C0240,2024-02,PF Varejo,20,13,1309.33,Internet Banking
C0240,2024-03,PF Varejo,20,13,1719.12,Internet Banking
C0240,2024-04,PF Varejo,20,11,1538.96,Internet Banking
C0240,2024-05,PF Varejo,20,14,1820.69,Internet Banking
C0240,2024-06,PF Varejo,20,10,1088.46,Internet Banking
C0241,2024-01,PF Alta Renda,46,24,9881.74,App
C0241,2024-02,PF Alta Renda,46,23,6928.36,App
C0241,2024-03,PF Alta Renda,46,27,7748.48,App
C0241,2024-04,PF Alta Renda,46,30,12314.14,App
C0241,2024-05,PF Alta Renda,46,23,9083.52,App
C0241,2024-06,PF Alta Renda,46,29,12154.77,App
C0242,2024-01,PF Alta Renda,62,23,10587.49,Internet Banking
C0242,2024-02,PF Alta Renda,62,22,10689.59,Internet Banking
C0242,2024-03,PF Alta Renda,62,23,9197.34,Internet Banking
C0242,2024-04,PF Alta Renda,62,19,5323.7,Internet Banking
C0242,2024-05,PF Alta Renda,62,21,9830.82,Internet Banking
C0242,2024-06,PF Alta Renda,62,22,6435.23,Internet Banking
C0243,2024-01,PF Varejo,72,8,874.01,Internet Banking
C0243,2024-02,PF Varejo,72,8,724.26,Internet Banking
C0243,2024-03,PF Varejo,72,13,986.46,Internet Banking
C0243,2024-04,PF Varejo,72,7,864.17,Internet Banking
C0243,2024-05,PF Varejo,72,9,1323.58,Internet Banking
C0243,2024-06,PF Varejo,72,8,1346.64,Internet Banking
C0244,2024-01,PF Varejo,45,16,2098.83,App
C0244,2024-02,PF Varejo,45,12,1533.86,App
C0244,2024-03,PF Varejo,45,18,2481.94,App
C0244,2024-04,PF Varejo,45,15,2483.0,App
C0244,2024-05,PF Varejo,45,13,1493.58,App
C0244,2024-06,PF Varejo,45,17,2067.93,App
C0245,2024-01,PF Varejo,67,10,1125.33,Internet Banking
C0245,2024-02,PF Varejo,67,11,1024.53,Internet Banking
C0245,2024-03,PF Varejo,67,10,1129.93,Internet Banking
C0245,2024-04,PF Varejo,67,12,1265.11,Internet Banking
C0245,2024-05,PF Varejo,67,9,880.52,Internet Banking
C0245,2024-06,PF Varejo,67,11,1461.13,Internet Banking
C0246,2024-01,PJ Pequeno Negocio,74,24,7217.83,App
C0246,2024-02,PJ Pequeno Negocio,74,25,4272.51,App
C0246,2024-03,PJ Pequeno Negocio,74,26,4387.61,App
C0246,2024-04,PJ Pequeno Negocio,74,27,5800.08,App
C0246,2024-05,PJ Pequeno Negocio,74,30,7113.45,App
C0246,2024-06,PJ Pequeno Negocio,74,29,8141.97,App
C0247,2024-01,PF Varejo,67,10,1150.59,App
C0247,2024-02,PF Varejo,67,11,1542.74,App
C0247,2024-03,PF Varejo,67,7,842.15,App
C0247,2024-04,PF Varejo,67,3,431.15,App
C0247,2024-05,PF Varejo,67,1,52.22,App
C0247,2024-06,PF Varejo,67,1,75.17,App
C0248,2024-01,PF Varejo,44,13,1434.33,App
C0248,2024-02,PF Varejo,44,11,1118.94,App
C0248,2024-03,PF Varejo,44,11,1050.61,App
C0248,2024-04,PF Varejo,44,15,1465.38,App
C0248,2024-05,PF Varejo,44,14,1837.86,App
C0248,2024-06,PF Varejo,44,13,1988.25,App
C0249,2024-01,PF Varejo,36,11,2095.71,Internet Banking
C0249,2024-02,PF Varejo,36,11,1089.1,Internet Banking
C0249,2024-03,PF Varejo,36,11,753.21,Internet Banking
C0249,2024-04,PF Varejo,36,11,1190.29,Internet Banking
C0249,2024-05,PF Varejo,36,13,1491.0,Internet Banking
C0249,2024-06,PF Varejo,36,10,1225.01,Internet Banking
C0250,2024-01,PF Varejo,73,11,1187.58,App
C0250,2024-02,PF Varejo,73,9,869.52,App
C0250,2024-03,PF Varejo,73,10,1145.84,App
C0250,2024-04,PF Varejo,73,11,1858.48,App
C0250,2024-05,PF Varejo,73,9,1125.74,App
C0250,2024-06,PF Varejo,73,10,1169.39,App
C0251,2024-01,PF Alta Renda,31,17,9228.98,App
C0251,2024-02,PF Alta Renda,31,13,4018.22,App
C0251,2024-03,PF Alta Renda,31,16,5656.1,App
C0251,2024-04,PF Alta Renda,31,12,6784.22,App
C0251,2024-05,PF Alta Renda,31,13,3803.1,App
C0251,2024-06,PF Alta Renda,31,14,5882.35,App
C0252,2024-01,PJ Pequeno Negocio,41,40,12618.09,App
C0252,2024-02,PJ Pequeno Negocio,41,53,12815.87,App
C0252,2024-03,PJ Pequeno Negocio,41,42,10461.95,App
C0252,2024-04,PJ Pequeno Negocio,41,49,10025.18,App
C0252,2024-05,PJ Pequeno Negocio,41,46,12129.15,App
C0252,2024-06,PJ Pequeno Negocio,41,47,14798.67,App
C0253,2024-01,PF Varejo,22,11,1356.06,App
C0253,2024-02,PF Varejo,22,9,687.17,App
C0253,2024-03,PF Varejo,22,10,1323.08,App
C0253,2024-04,PF Varejo,22,14,1805.06,App
C0253,2024-05,PF Varejo,22,9,806.5,App
C0253,2024-06,PF Varejo,22,9,682.91,App
C0254,2024-01,PF Varejo,63,3,284.08,App
C0254,2024-02,PF Varejo,63,3,223.93,App
C0254,2024-03,PF Varejo,63,4,268.83,App
C0254,2024-04,PF Varejo,63,2,300.34,App
C0254,2024-05,PF Varejo,63,3,222.1,App
C0254,2024-06,PF Varejo,63,3,365.95,App
C0255,2024-01,PF Varejo,55,10,1327.75,App
C0255,2024-02,PF Varejo,55,10,1079.44,App
C0255,2024-03,PF Varejo,55,11,1845.78,App
C0255,2024-04,PF Varejo,55,11,551.42,App
C0255,2024-05,PF Varejo,55,10,1691.04,App
C0255,2024-06,PF Varejo,55,9,780.71,App
C0256,2024-01,PF Alta Renda,22,30,13868.67,App
C0256,2024-02,PF Alta Renda,22,25,11605.72,App
C0256,2024-03,PF Alta Renda,22,32,18219.45,App
C0256,2024-04,PF Alta Renda,22,25,10627.11,App
C0256,2024-05,PF Alta Renda,22,34,14087.64,App
C0256,2024-06,PF Alta Renda,22,26,11420.29,App
C0257,2024-01,PF Alta Renda,30,25,9251.04,Internet Banking
C0257,2024-02,PF Alta Renda,30,28,11591.4,Internet Banking
C0257,2024-03,PF Alta Renda,30,21,8156.24,Internet Banking
C0257,2024-04,PF Alta Renda,30,15,6379.3,Internet Banking
C0257,2024-05,PF Alta Renda,30,26,10893.76,Internet Banking
C0257,2024-06,PF Alta Renda,30,26,5785.56,Internet Banking
C0258,2024-01,PF Varejo,49,12,1254.46,App
C0258,2024-02,PF Varejo,49,15,1405.14,App
C0258,2024-03,PF Varejo,49,13,1212.16,App
C0258,2024-04,PF Varejo,49,13,1160.68,App
C0258,2024-05,PF Varejo,49,11,1386.66,App
C0258,2024-06,PF Varejo,49,14,1505.08,App
C0259,2024-01,PF Varejo,48,4,561.45,App
C0259,2024-02,PF Varejo,48,5,482.73,App
C0259,2024-03,PF Varejo,48,6,654.69,App
C0259,2024-04,PF Varejo,48,5,649.84,App
C0259,2024-05,PF Varejo,48,7,539.99,App
C0259,2024-06,PF Varejo,48,4,426.35,App
C0260,2024-01,PF Varejo,63,7,830.46,App
C0260,2024-02,PF Varejo,63,5,703.83,App
C0260,2024-03,PF Varejo,63,7,924.31,App
C0260,2024-04,PF Varejo,63,7,883.04,App
C0260,2024-05,PF Varejo,63,6,709.18,App
C0260,2024-06,PF Varejo,63,5,591.35,App
C0261,2024-01,PF Varejo,33,9,1011.46,App
C0261,2024-02,PF Varejo,33,11,1158.63,App
C0261,2024-03,PF Varejo,33,13,2059.29,App
C0261,2024-04,PF Varejo,33,11,1841.34,App
C0261,2024-05,PF Varejo,33,12,1089.1,App
C0261,2024-06,PF Varejo,33,11,1303.26,App
C0262,2024-01,PF Alta Renda,70,18,5453.9,App
C0262,2024-02,PF Alta Renda,70,24,6300.07,App
C0262,2024-03,PF Alta Renda,70,20,9749.37,App
C0262,2024-04,PF Alta Renda,70,18,6996.19,App
C0262,2024-05,PF Alta Renda,70,19,6410.15,App
C0262,2024-06,PF Alta Renda,70,19,9697.09,App
C0263,2024-01,PF Varejo,43,13,1521.85,App
C0263,2024-02,PF Varejo,43,12,1494.73,App
C0263,2024-03,PF Varejo,43,9,1092.56,App
C0263,2024-04,PF Varejo,43,4,441.0,App
C0263,2024-05,PF Varejo,43,1,130.28,App
C0263,2024-06,PF Varejo,43,1,100.08,App
C0264,2024-01,PF Varejo,64,11,962.25,Internet Banking
C0264,2024-02,PF Varejo,64,10,1535.19,Internet Banking
C0264,2024-03,PF Varejo,64,8,637.56,Internet Banking
C0264,2024-04,PF Varejo,64,8,763.04,Internet Banking
C0264,2024-05,PF Varejo,64,9,1077.2,Internet Banking
C0264,2024-06,PF Varejo,64,10,954.34,Internet Banking
C0265,2024-01,PJ Pequeno Negocio,31,50,14600.46,App
C0265,2024-02,PJ Pequeno Negocio,31,51,14572.2,App
C0265,2024-03,PJ Pequeno Negocio,31,46,20617.03,App
C0265,2024-04,PJ Pequeno Negocio,31,41,9575.65,App
C0265,2024-05,PJ Pequeno Negocio,31,39,8670.83,App
C0265,2024-06,PJ Pequeno Negocio,31,38,10638.51,App
C0266,2024-01,PF Varejo,20,9,920.55,App
C0266,2024-02,PF Varejo,20,10,1424.7,App
C0266,2024-03,PF Varejo,20,13,1827.75,App
C0266,2024-04,PF Varejo,20,9,975.21,App
C0266,2024-05,PF Varejo,20,11,1022.24,App
C0266,2024-06,PF Varejo,20,9,1479.43,App
C0267,2024-01,PF Varejo,21,7,1187.62,App
C0267,2024-02,PF Varejo,21,7,524.99,App
C0267,2024-03,PF Varejo,21,9,1088.67,App
C0267,2024-04,PF Varejo,21,7,962.27,App
C0267,2024-05,PF Varejo,21,7,649.69,App
C0267,2024-06,PF Varejo,21,8,1204.29,App
C0268,2024-01,PF Varejo,39,10,1252.52,Internet Banking
C0268,2024-02,PF Varejo,39,11,1174.1,Internet Banking
C0268,2024-03,PF Varejo,39,10,792.67,Internet Banking
C0268,2024-04,PF Varejo,39,10,1299.54,Internet Banking
C0268,2024-05,PF Varejo,39,9,1175.82,Internet Banking
C0268,2024-06,PF Varejo,39,9,878.23,Internet Banking
C0269,2024-01,PF Varejo,72,12,1784.09,App
C0269,2024-02,PF Varejo,72,11,1798.17,App
C0269,2024-03,PF Varejo,72,7,1064.54,App
C0269,2024-04,PF Varejo,72,4,714.31,App
C0269,2024-05,PF Varejo,72,1,131.05,App
C0269,2024-06,PF Varejo,72,0,0.0,App
C0270,2024-01,PF Varejo,20,9,1215.94,App
C0270,2024-02,PF Varejo,20,7,542.14,App
C0270,2024-03,PF Varejo,20,7,608.25,App
C0270,2024-04,PF Varejo,20,5,427.84,App
C0270,2024-05,PF Varejo,20,6,446.89,App
C0270,2024-06,PF Varejo,20,7,881.39,App
C0271,2024-01,PF Varejo,39,12,1157.48,Internet Banking
C0271,2024-02,PF Varejo,39,11,1601.5,Internet Banking
C0271,2024-03,PF Varejo,39,11,1256.85,Internet Banking
C0271,2024-04,PF Varejo,39,12,1084.21,Internet Banking
C0271,2024-05,PF Varejo,39,11,1670.71,Internet Banking
C0271,2024-06,PF Varejo,39,13,1746.67,Internet Banking
C0272,2024-01,PF Varejo,24,12,1916.77,App
C0272,2024-02,PF Varejo,24,11,525.09,App
C0272,2024-03,PF Varejo,24,11,1539.68,App
C0272,2024-04,PF Varejo,24,16,2393.52,App
C0272,2024-05,PF Varejo,24,16,1118.56,App
C0272,2024-06,PF Varejo,24,12,1562.97,App
C0273,2024-01,PF Varejo,71,12,1029.42,Internet Banking
C0273,2024-02,PF Varejo,71,13,1415.61,Internet Banking
C0273,2024-03,PF Varejo,71,15,2121.72,Internet Banking
C0273,2024-04,PF Varejo,71,13,1706.88,Internet Banking
C0273,2024-05,PF Varejo,71,13,1230.38,Internet Banking
C0273,2024-06,PF Varejo,71,12,1386.67,Internet Banking
C0274,2024-01,PF Varejo,56,5,359.11,App
C0274,2024-02,PF Varejo,56,6,689.37,App
C0274,2024-03,PF Varejo,56,6,568.7,App
C0274,2024-04,PF Varejo,56,7,1152.64,App
C0274,2024-05,PF Varejo,56,6,620.16,App
C0274,2024-06,PF Varejo,56,6,489.27,App
C0275,2024-01,PF Alta Renda,61,5,2049.37,App
C0275,2024-02,PF Alta Renda,61,5,1584.03,App
C0275,2024-03,PF Alta Renda,61,6,2597.04,App
C0275,2024-04,PF Alta Renda,61,5,1906.07,App
C0275,2024-05,PF Alta Renda,61,5,960.55,App
C0275,2024-06,PF Alta Renda,61,5,2546.32,App
C0276,2024-01,PF Varejo,58,13,1796.25,App
C0276,2024-02,PF Varejo,58,13,1785.17,App
C0276,2024-03,PF Varejo,58,15,1099.63,App
C0276,2024-04,PF Varejo,58,12,1939.83,App
C0276,2024-05,PF Varejo,58,14,1931.72,App
C0276,2024-06,PF Varejo,58,11,1451.68,App
C0277,2024-01,PF Varejo,55,8,1369.62,Internet Banking
C0277,2024-02,PF Varejo,55,10,1157.4,Internet Banking
C0277,2024-03,PF Varejo,55,6,982.72,Internet Banking
C0277,2024-04,PF Varejo,55,3,367.9,Internet Banking
C0277,2024-05,PF Varejo,55,0,0.0,Internet Banking
C0277,2024-06,PF Varejo,55,0,0.0,Internet Banking
C0278,2024-01,PF Varejo,62,7,666.05,App
C0278,2024-02,PF Varejo,62,6,709.01,App
C0278,2024-03,PF Varejo,62,6,588.86,App
C0278,2024-04,PF Varejo,62,7,741.37,App
C0278,2024-05,PF Varejo,62,7,1004.53,App
C0278,2024-06,PF Varejo,62,7,782.24,App
C0279,2024-01,PJ Pequeno Negocio,18,35,9133.74,App
C0279,2024-02,PJ Pequeno Negocio,18,29,7720.44,App
C0279,2024-03,PJ Pequeno Negocio,18,35,7543.79,App
C0279,2024-04,PJ Pequeno Negocio,18,33,10464.55,App
C0279,2024-05,PJ Pequeno Negocio,18,36,11345.01,App
C0279,2024-06,PJ Pequeno Negocio,18,30,10052.25,App
C0280,2024-01,PJ Pequeno Negocio,67,40,11726.39,App
C0280,2024-02,PJ Pequeno Negocio,67,35,5630.51,App
C0280,2024-03,PJ Pequeno Negocio,67,36,13774.36,App
C0280,2024-04,PJ Pequeno Negocio,67,40,4404.76,App
C0280,2024-05,PJ Pequeno Negocio,67,44,9051.82,App
C0280,2024-06,PJ Pequeno Negocio,67,37,11044.57,App
C0281,2024-01,PF Varejo,60,10,1077.65,App
C0281,2024-02,PF Varejo,60,12,1228.3,App
C0281,2024-03,PF Varejo,60,8,711.61,App
C0281,2024-04,PF Varejo,60,3,423.83,App
C0281,2024-05,PF Varejo,60,1,95.03,App
C0281,2024-06,PF Varejo,60,1,163.84,App
C0282,2024-01,PF Varejo,60,7,626.94,App
C0282,2024-02,PF Varejo,60,7,1476.69,App
C0282,2024-03,PF Varejo,60,5,411.65,App
C0282,2024-04,PF Varejo,60,5,678.45,App
C0282,2024-05,PF Varejo,60,5,1194.03,App
C0282,2024-06,PF Varejo,60,6,626.27,App
C0283,2024-01,PF Varejo,40,8,1232.4,App
C0283,2024-02,PF Varejo,40,7,766.55,App
C0283,2024-03,PF Varejo,40,9,464.98,App
C0283,2024-04,PF Varejo,40,8,804.16,App
C0283,2024-05,PF Varejo,40,9,1317.19,App
C0283,2024-06,PF Varejo,40,7,900.92,App
C0284,2024-01,PF Varejo,63,9,695.47,Internet Banking
C0284,2024-02,PF Varejo,63,10,932.4,Internet Banking
C0284,2024-03,PF Varejo,63,7,601.38,Internet Banking
C0284,2024-04,PF Varejo,63,10,1374.86,Internet Banking
C0284,2024-05,PF Varejo,63,9,1412.76,Internet Banking
C0284,2024-06,PF Varejo,63,10,1193.03,Internet Banking
C0285,2024-01,PF Varejo,39,8,1134.81,App
C0285,2024-02,PF Varejo,39,8,1105.76,App
C0285,2024-03,PF Varejo,39,8,904.92,App
C0285,2024-04,PF Varejo,39,9,776.08,App
C0285,2024-05,PF Varejo,39,10,1151.09,App
C0285,2024-06,PF Varejo,39,8,748.36,App
C0286,2024-01,PF Varejo,20,9,795.97,App
C0286,2024-02,PF Varejo,20,9,1596.75,App
C0286,2024-03,PF Varejo,20,5,619.24,App
C0286,2024-04,PF Varejo,20,3,254.94,App
C0286,2024-05,PF Varejo,20,0,0.0,App
C0286,2024-06,PF Varejo,20,0,0.0,App
C0287,2024-01,PF Varejo,69,9,1232.67,App
C0287,2024-02,PF Varejo,69,7,933.49,App
C0287,2024-03,PF Varejo,69,10,1485.38,App
C0287,2024-04,PF Varejo,69,8,767.6,App
C0287,2024-05,PF Varejo,69,9,1137.83,App
C0287,2024-06,PF Varejo,69,8,672.96,App
C0288,2024-01,PF Varejo,31,15,1663.39,App
C0288,2024-02,PF Varejo,31,15,1524.93,App
C0288,2024-03,PF Varejo,31,11,1225.96,App
C0288,2024-04,PF Varejo,31,13,1680.9,App
C0288,2024-05,PF Varejo,31,13,1542.24,App
C0288,2024-06,PF Varejo,31,12,1061.53,App
C0289,2024-01,PF Varejo,23,14,1635.98,App
C0289,2024-02,PF Varejo,23,15,2223.2,App
C0289,2024-03,PF Varejo,23,12,1363.34,App
C0289,2024-04,PF Varejo,23,15,2230.75,App
C0289,2024-05,PF Varejo,23,15,1134.4,App
C0289,2024-06,PF Varejo,23,14,1702.58,App
C0290,2024-01,PF Varejo,53,13,1647.29,App
C0290,2024-02,PF Varejo,53,13,1781.26,App
C0290,2024-03,PF Varejo,53,15,1550.5,App
C0290,2024-04,PF Varejo,53,15,1818.76,App
C0290,2024-05,PF Varejo,53,12,1815.42,App
C0290,2024-06,PF Varejo,53,17,2455.83,App
C0291,2024-01,PF Alta Renda,31,28,13044.63,App
C0291,2024-02,PF Alta Renda,31,27,8776.29,App
C0291,2024-03,PF Alta Renda,31,38,17592.9,App
C0291,2024-04,PF Alta Renda,31,32,7925.89,App
C0291,2024-05,PF Alta Renda,31,31,8209.96,App
C0291,2024-06,PF Alta Renda,31,40,13708.36,App
C0292,2024-01,PF Varejo,66,8,1068.47,App
C0292,2024-02,PF Varejo,66,12,1748.49,App
C0292,2024-03,PF Varejo,66,13,1552.64,App
C0292,2024-04,PF Varejo,66,13,2246.46,App
C0292,2024-05,PF Varejo,66,12,1320.09,App
C0292,2024-06,PF Varejo,66,11,1758.63,App
C0293,2024-01,PJ Pequeno Negocio,43,31,4358.0,App
C0293,2024-02,PJ Pequeno Negocio,43,30,6166.86,App
C0293,2024-03,PJ Pequeno Negocio,43,32,10135.08,App
C0293,2024-04,PJ Pequeno Negocio,43,36,12192.93,App
C0293,2024-05,PJ Pequeno Negocio,43,38,9463.46,App
C0293,2024-06,PJ Pequeno Negocio,43,33,7611.85,App
C0294,2024-01,PF Varejo,18,10,1404.13,App
C0294,2024-02,PF Varejo,18,9,1141.52,App
C0294,2024-03,PF Varejo,18,10,666.95,App
C0294,2024-04,PF Varejo,18,11,624.77,App
C0294,2024-05,PF Varejo,18,11,1255.9,App
C0294,2024-06,PF Varejo,18,11,1343.8,App
C0295,2024-01,PF Alta Renda,72,19,5301.08,App
C0295,2024-02,PF Alta Renda,72,16,7900.21,App
C0295,2024-03,PF Alta Renda,72,21,11365.43,App
C0295,2024-04,PF Alta Renda,72,18,7868.17,App
C0295,2024-05,PF Alta Renda,72,17,8742.89,App
C0295,2024-06,PF Alta Renda,72,22,7420.45,App
C0296,2024-01,PJ Pequeno Negocio,47,37,8560.54,App
C0296,2024-02,PJ Pequeno Negocio,47,41,9126.46,App
C0296,2024-03,PJ Pequeno Negocio,47,47,11993.18,App
C0296,2024-04,PJ Pequeno Negocio,47,37,11452.37,App
C0296,2024-05,PJ Pequeno Negocio,47,43,9842.02,App
C0296,2024-06,PJ Pequeno Negocio,47,39,6794.52,App
C0297,2024-01,PJ Pequeno Negocio,32,28,9837.74,App
C0297,2024-02,PJ Pequeno Negocio,32,41,12774.94,App
C0297,2024-03,PJ Pequeno Negocio,32,27,8532.87,App
C0297,2024-04,PJ Pequeno Negocio,32,30,6669.3,App
C0297,2024-05,PJ Pequeno Negocio,32,41,7621.35,App
C0297,2024-06,PJ Pequeno Negocio,32,34,6084.93,App
C0298,2024-01,PF Alta Renda,56,32,8386.17,Internet Banking
C0298,2024-02,PF Alta Renda,56,31,11409.57,Internet Banking
C0298,2024-03,PF Alta Renda,56,18,7733.09,Internet Banking
C0298,2024-04,PF Alta Renda,56,9,5163.49,Internet Banking
C0298,2024-05,PF Alta Renda,56,1,358.99,Internet Banking
C0298,2024-06,PF Alta Renda,56,1,514.61,Internet Banking
C0299,2024-01,PF Alta Renda,48,26,8642.29,Internet Banking
C0299,2024-02,PF Alta Renda,48,30,12339.19,Internet Banking
C0299,2024-03,PF Alta Renda,48,30,14486.38,Internet Banking
C0299,2024-04,PF Alta Renda,48,34,12454.2,Internet Banking
C0299,2024-05,PF Alta Renda,48,27,7185.53,Internet Banking
C0299,2024-06,PF Alta Renda,48,31,11121.58,Internet Banking
C0300,2024-01,PF Varejo,19,6,645.87,App
C0300,2024-02,PF Varejo,19,6,721.57,App
C0300,2024-03,PF Varejo,19,8,684.35,App
C0300,2024-04,PF Varejo,19,6,645.55,App
C0300,2024-05,PF Varejo,19,9,1239.38,App
C0300,2024-06,PF Varejo,19,8,907.58,App
C0301,2024-01,PF Alta Renda,61,20,10216.03,App
C0301,2024-02,PF Alta Renda,61,22,8301.54,App
C0301,2024-03,PF Alta Renda,61,20,7495.66,App
C0301,2024-04,PF Alta Renda,61,17,6674.04,App
C0301,2024-05,PF Alta Renda,61,16,7889.42,App
C0301,2024-06,PF Alta Renda,61,18,6857.38,App
C0302,2024-01,PF Varejo,40,15,1745.02,App
C0302,2024-02,PF Varejo,40,12,1502.32,App
C0302,2024-03,PF Varejo,40,12,1721.34,App
C0302,2024-04,PF Varejo,40,12,1736.66,App
C0302,2024-05,PF Varejo,40,14,2438.15,App
C0302,2024-06,PF Varejo,40,13,1179.05,App
C0303,2024-01,PF Varejo,57,16,2300.25,App
C0303,2024-02,PF Varejo,57,13,1561.55,App
C0303,2024-03,PF Varejo,57,13,1478.53,App
C0303,2024-04,PF Varejo,57,14,1955.42,App
C0303,2024-05,PF Varejo,57,14,2381.43,App
C0303,2024-06,PF Varejo,57,18,1899.79,App
C0304,2024-01,PF Varejo,69,17,1808.05,App
C0304,2024-02,PF Varejo,69,17,258.34,App
C0304,2024-03,PF Varejo,69,18,2682.63,App
C0304,2024-04,PF Varejo,69,16,2100.77,App
C0304,2024-05,PF Varejo,69,14,2335.39,App
C0304,2024-06,PF Varejo,69,17,2409.15,App
C0305,2024-01,PJ Pequeno Negocio,52,39,10561.97,App
C0305,2024-02,PJ Pequeno Negocio,52,42,9822.16,App
C0305,2024-03,PJ Pequeno Negocio,52,35,8628.21,App
C0305,2024-04,PJ Pequeno Negocio,52,32,8512.27,App
C0305,2024-05,PJ Pequeno Negocio,52,34,5824.59,App
C0305,2024-06,PJ Pequeno Negocio,52,34,9797.28,App
C0306,2024-01,PF Varejo,56,9,1254.94,App
C0306,2024-02,PF Varejo,56,7,911.62,App
C0306,2024-03,PF Varejo,56,6,799.03,App
C0306,2024-04,PF Varejo,56,3,539.07,App
C0306,2024-05,PF Varejo,56,0,0.0,App
C0306,2024-06,PF Varejo,56,0,0.0,App
C0307,2024-01,PF Varejo,32,12,2040.71,Internet Banking
C0307,2024-02,PF Varejo,32,13,994.23,Internet Banking
C0307,2024-03,PF Varejo,32,10,858.81,Internet Banking
C0307,2024-04,PF Varejo,32,11,1729.92,Internet Banking
C0307,2024-05,PF Varejo,32,12,1851.52,Internet Banking
C0307,2024-06,PF Varejo,32,9,1108.61,Internet Banking
C0308,2024-01,PF Varejo,31,7,906.41,App
C0308,2024-02,PF Varejo,31,8,863.47,App
C0308,2024-03,PF Varejo,31,8,1249.08,App
C0308,2024-04,PF Varejo,31,11,1298.49,App
C0308,2024-05,PF Varejo,31,9,1084.17,App
C0308,2024-06,PF Varejo,31,10,904.73,App
C0309,2024-01,PF Varejo,41,6,815.1,App
C0309,2024-02,PF Varejo,41,7,598.91,App
C0309,2024-03,PF Varejo,41,7,917.06,App
C0309,2024-04,PF Varejo,41,6,483.26,App
C0309,2024-05,PF Varejo,41,5,589.96,App
C0309,2024-06,PF Varejo,41,5,624.4,App
C0310,2024-01,PF Varejo,66,8,938.1,App
C0310,2024-02,PF Varejo,66,8,1271.78,App
C0310,2024-03,PF Varejo,66,8,1188.13,App
C0310,2024-04,PF Varejo,66,9,967.13,App
C0310,2024-05,PF Varejo,66,8,970.79,App
C0310,2024-06,PF Varejo,66,7,1062.24,App
C0311,2024-01,PF Varejo,47,12,1483.21,Internet Banking
C0311,2024-02,PF Varejo,47,8,1133.42,Internet Banking
C0311,2024-03,PF Varejo,47,15,1765.38,Internet Banking
C0311,2024-04,PF Varejo,47,13,1530.07,Internet Banking
C0311,2024-05,PF Varejo,47,11,1768.88,Internet Banking
C0311,2024-06,PF Varejo,47,10,1557.43,Internet Banking
C0312,2024-01,PF Varejo,37,11,1049.51,App
C0312,2024-02,PF Varejo,37,10,1146.12,App
C0312,2024-03,PF Varejo,37,7,994.0,App
C0312,2024-04,PF Varejo,37,3,375.06,App
C0312,2024-05,PF Varejo,37,0,0.0,App
C0312,2024-06,PF Varejo,37,1,120.34,App
C0313,2024-01,PF Varejo,62,12,1644.62,App
C0313,2024-02,PF Varejo,62,12,1359.88,App
C0313,2024-03,PF Varejo,62,8,623.0,App
C0313,2024-04,PF Varejo,62,3,354.54,App
C0313,2024-05,PF Varejo,62,1,61.23,App
C0313,2024-06,PF Varejo,62,1,153.75,App
C0314,2024-01,PF Varejo,66,15,2108.2,App
C0314,2024-02,PF Varejo,66,17,1515.84,App
C0314,2024-03,PF Varejo,66,16,1395.37,App
C0314,2024-04,PF Varejo,66,12,1919.1,App
C0314,2024-05,PF Varejo,66,13,2182.33,App
C0314,2024-06,PF Varejo,66,16,1615.06,App
C0315,2024-01,PF Varejo,69,15,1852.72,App
C0315,2024-02,PF Varejo,69,12,959.23,App
C0315,2024-03,PF Varejo,69,14,1558.45,App
C0315,2024-04,PF Varejo,69,17,2888.78,App
C0315,2024-05,PF Varejo,69,15,1546.09,App
C0315,2024-06,PF Varejo,69,16,2365.03,App
C0316,2024-01,PF Varejo,35,16,2047.82,Internet Banking
C0316,2024-02,PF Varejo,35,17,1295.07,Internet Banking
C0316,2024-03,PF Varejo,35,14,2149.51,Internet Banking
C0316,2024-04,PF Varejo,35,14,2157.22,Internet Banking
C0316,2024-05,PF Varejo,35,13,1878.25,Internet Banking
C0316,2024-06,PF Varejo,35,14,1460.34,Internet Banking
C0317,2024-01,PF Varejo,58,13,1747.44,App
C0317,2024-02,PF Varejo,58,13,1274.56,App
C0317,2024-03,PF Varejo,58,12,962.17,App
C0317,2024-04,PF Varejo,58,12,1801.9,App
C0317,2024-05,PF Varejo,58,12,986.86,App
C0317,2024-06,PF Varejo,58,13,2361.33,App
C0318,2024-01,PF Alta Renda,51,24,8298.37,App
C0318,2024-02,PF Alta Renda,51,40,10579.21,App
C0318,2024-03,PF Alta Renda,51,36,6684.74,App
C0318,2024-04,PF Alta Renda,51,35,12369.41,App
C0318,2024-05,PF Alta Renda,51,38,22344.41,App
C0318,2024-06,PF Alta Renda,51,28,11229.62,App
C0319,2024-01,PF Varejo,43,10,891.23,App
C0319,2024-02,PF Varejo,43,14,1754.41,App
C0319,2024-03,PF Varejo,43,10,1254.89,App
C0319,2024-04,PF Varejo,43,11,1671.67,App
C0319,2024-05,PF Varejo,43,8,689.31,App
C0319,2024-06,PF Varejo,43,7,1168.09,App
C0320,2024-01,PJ Pequeno Negocio,40,40,13269.07,App
C0320,2024-02,PJ Pequeno Negocio,40,40,10752.16,App
C0320,2024-03,PJ Pequeno Negocio,40,57,14894.78,App
C0320,2024-04,PJ Pequeno Negocio,40,31,11165.79,App
C0320,2024-05,PJ Pequeno Negocio,40,47,16990.18,App
C0320,2024-06,PJ Pequeno Negocio,40,41,9147.51,App
C0321,2024-01,PJ Pequeno Negocio,24,35,9439.38,Internet Banking
C0321,2024-02,PJ Pequeno Negocio,24,38,7464.45,Internet Banking
C0321,2024-03,PJ Pequeno Negocio,24,36,8851.93,Internet Banking
C0321,2024-04,PJ Pequeno Negocio,24,45,13732.07,Internet Banking
C0321,2024-05,PJ Pequeno Negocio,24,31,6068.38,Internet Banking
C0321,2024-06,PJ Pequeno Negocio,24,46,8247.74,Internet Banking
C0322,2024-01,PF Varejo,33,10,2058.14,App
C0322,2024-02,PF Varejo,33,11,1264.68,App
C0322,2024-03,PF Varejo,33,12,1368.11,App
C0322,2024-04,PF Varejo,33,10,1425.53,App
C0322,2024-05,PF Varejo,33,10,1377.81,App
C0322,2024-06,PF Varejo,33,13,2361.55,App
C0323,2024-01,PF Varejo,49,8,1158.41,App
C0323,2024-02,PF Varejo,49,7,602.79,App
C0323,2024-03,PF Varejo,49,5,456.02,App
C0323,2024-04,PF Varejo,49,2,205.23,App
C0323,2024-05,PF Varejo,49,0,0.0,App
C0323,2024-06,PF Varejo,49,0,0.0,App
C0324,2024-01,PF Varejo,68,6,432.51,Internet Banking
C0324,2024-02,PF Varejo,68,6,924.64,Internet Banking
C0324,2024-03,PF Varejo,68,6,873.23,Internet Banking
C0324,2024-04,PF Varejo,68,6,731.32,Internet Banking
C0324,2024-05,PF Varejo,68,5,603.12,Internet Banking
C0324,2024-06,PF Varejo,68,7,707.93,Internet Banking
C0325,2024-01,PF Alta Renda,67,15,6459.54,Internet Banking
C0325,2024-02,PF Alta Renda,67,16,3194.57,Internet Banking
C0325,2024-03,PF Alta Renda,67,17,6826.86,Internet Banking
C0325,2024-04,PF Alta Renda,67,18,9147.28,Internet Banking
C0325,2024-05,PF Alta Renda,67,14,6749.33,Internet Banking
C0325,2024-06,PF Alta Renda,67,17,6421.61,Internet Banking
C0326,2024-01,PF Alta Renda,28,10,2273.49,App
C0326,2024-02,PF Alta Renda,28,9,3190.8,App
C0326,2024-03,PF Alta Renda,28,7,3129.87,App
C0326,2024-04,PF Alta Renda,28,3,930.62,App
C0326,2024-05,PF Alta Renda,28,1,452.72,App
C0326,2024-06,PF Alta Renda,28,0,0.0,App
C0327,2024-01,PF Alta Renda,56,22,7887.07,App
C0327,2024-02,PF Alta Renda,56,18,6515.08,App
C0327,2024-03,PF Alta Renda,56,19,7902.71,App
C0327,2024-04,PF Alta Renda,56,15,6514.97,App
C0327,2024-05,PF Alta Renda,56,20,10498.28,App
C0327,2024-06,PF Alta Renda,56,17,10007.65,App
C0328,2024-01,PF Varejo,22,8,889.08,App
C0328,2024-02,PF Varejo,22,7,524.45,App
C0328,2024-03,PF Varejo,22,6,455.93,App
C0328,2024-04,PF Varejo,22,10,886.69,App
C0328,2024-05,PF Varejo,22,8,970.06,App
C0328,2024-06,PF Varejo,22,6,517.68,App
C0329,2024-01,PF Varejo,56,1,103.95,App
C0329,2024-02,PF Varejo,56,1,185.94,App
C0329,2024-03,PF Varejo,56,1,100.26,App
C0329,2024-04,PF Varejo,56,1,93.56,App
C0329,2024-05,PF Varejo,56,1,99.51,App
C0329,2024-06,PF Varejo,56,1,117.38,App
C0330,2024-01,PF Varejo,37,3,447.92,App
C0330,2024-02,PF Varejo,37,3,274.22,App
C0330,2024-03,PF Varejo,37,3,323.93,App
C0330,2024-04,PF Varejo,37,3,451.55,App
C0330,2024-05,PF Varejo,37,4,525.11,App
C0330,2024-06,PF Varejo,37,3,324.71,App
C0331,2024-01,PF Alta Renda,43,11,4287.17,App
C0331,2024-02,PF Alta Renda,43,11,2978.52,App
C0331,2024-03,PF Alta Renda,43,12,4889.53,App
C0331,2024-04,PF Alta Renda,43,13,5643.37,App
C0331,2024-05,PF Alta Renda,43,14,3894.34,App
C0331,2024-06,PF Alta Renda,43,10,2902.83,App
C0332,2024-01,PF Varejo,58,6,670.34,Internet Banking
C0332,2024-02,PF Varejo,58,5,465.88,Internet Banking
C0332,2024-03,PF Varejo,58,3,216.7,Internet Banking
C0332,2024-04,PF Varejo,58,1,127.27,Internet Banking
C0332,2024-05,PF Varejo,58,0,0.0,Internet Banking
C0332,2024-06,PF Varejo,58,0,0.0,Internet Banking
C0333,2024-01,PF Alta Renda,42,15,5291.52,Internet Banking
C0333,2024-02,PF Alta Renda,42,16,5438.82,Internet Banking
C0333,2024-03,PF Alta Renda,42,18,8230.71,Internet Banking
C0333,2024-04,PF Alta Renda,42,19,3263.97,Internet Banking
C0333,2024-05,PF Alta Renda,42,15,5736.87,Internet Banking
C0333,2024-06,PF Alta Renda,42,20,8883.47,Internet Banking
C0334,2024-01,PJ Pequeno Negocio,64,37,8931.08,Internet Banking
C0334,2024-02,PJ Pequeno Negocio,64,35,8206.47,Internet Banking
C0334,2024-03,PJ Pequeno Negocio,64,30,5555.94,Internet Banking
C0334,2024-04,PJ Pequeno Negocio,64,38,7779.15,Internet Banking
C0334,2024-05,PJ Pequeno Negocio,64,35,8233.82,Internet Banking
C0334,2024-06,PJ Pequeno Negocio,64,46,10674.9,Internet Banking
C0335,2024-01,PF Varejo,48,6,451.19,Internet Banking
C0335,2024-02,PF Varejo,48,6,570.69,Internet Banking
C0335,2024-03,PF Varejo,48,7,476.25,Internet Banking
C0335,2024-04,PF Varejo,48,9,1375.74,Internet Banking
C0335,2024-05,PF Varejo,48,7,917.39,Internet Banking
C0335,2024-06,PF Varejo,48,8,916.96,Internet Banking
C0336,2024-01,PF Varejo,74,12,1547.43,App
C0336,2024-02,PF Varejo,74,12,1437.61,App
C0336,2024-03,PF Varejo,74,11,1335.56,App
C0336,2024-04,PF Varejo,74,10,966.25,App
C0336,2024-05,PF Varejo,74,12,1063.86,App
C0336,2024-06,PF Varejo,74,13,1778.28,App
C0337,2024-01,PF Varejo,54,11,1294.39,Internet Banking
C0337,2024-02,PF Varejo,54,13,1192.55,Internet Banking
C0337,2024-03,PF Varejo,54,13,2271.58,Internet Banking
C0337,2024-04,PF Varejo,54,10,1355.27,Internet Banking
C0337,2024-05,PF Varejo,54,10,1041.58,Internet Banking
C0337,2024-06,PF Varejo,54,11,1069.61,Internet Banking
C0338,2024-01,PF Alta Renda,34,14,3955.45,Internet Banking
C0338,2024-02,PF Alta Renda,34,13,4542.76,Internet Banking
C0338,2024-03,PF Alta Renda,34,13,5220.68,Internet Banking
C0338,2024-04,PF Alta Renda,34,11,3272.64,Internet Banking
C0338,2024-05,PF Alta Renda,34,17,6385.67,Internet Banking
C0338,2024-06,PF Alta Renda,34,13,4449.05,Internet Banking
C0339,2024-01,PF Varejo,62,15,1633.41,App
C0339,2024-02,PF Varejo,62,15,1839.58,App
C0339,2024-03,PF Varejo,62,15,1061.34,App
C0339,2024-04,PF Varejo,62,13,1326.38,App
C0339,2024-05,PF Varejo,62,15,1862.75,App
C0339,2024-06,PF Varejo,62,11,812.43,App
C0340,2024-01,PJ Pequeno Negocio,41,62,12150.51,App
C0340,2024-02,PJ Pequeno Negocio,41,71,20554.9,App
C0340,2024-03,PJ Pequeno Negocio,41,54,10126.35,App
C0340,2024-04,PJ Pequeno Negocio,41,62,14606.52,App
C0340,2024-05,PJ Pequeno Negocio,41,57,22879.71,App
C0340,2024-06,PJ Pequeno Negocio,41,53,11403.75,App
C0341,2024-01,PF Varejo,48,16,1711.3,App
C0341,2024-02,PF Varejo,48,18,2131.29,App
C0341,2024-03,PF Varejo,48,15,1634.0,App
C0341,2024-04,PF Varejo,48,17,2122.83,App
C0341,2024-05,PF Varejo,48,16,2212.93,App
C0341,2024-06,PF Varejo,48,17,2182.37,App
C0342,2024-01,PJ Pequeno Negocio,25,27,4096.48,App
C0342,2024-02,PJ Pequeno Negocio,25,26,9813.05,App
C0342,2024-03,PJ Pequeno Negocio,25,42,11451.14,App
C0342,2024-04,PJ Pequeno Negocio,25,32,6994.75,App
C0342,2024-05,PJ Pequeno Negocio,25,39,5989.95,App
C0342,2024-06,PJ Pequeno Negocio,25,38,11282.11,App
C0343,2024-01,PF Alta Renda,24,20,6657.82,App
C0343,2024-02,PF Alta Renda,24,17,7203.58,App
C0343,2024-03,PF Alta Renda,24,21,6229.63,App
C0343,2024-04,PF Alta Renda,24,13,5477.72,App
C0343,2024-05,PF Alta Renda,24,21,7554.28,App
C0343,2024-06,PF Alta Renda,24,20,9484.2,App
C0344,2024-01,PF Varejo,50,9,818.16,App
C0344,2024-02,PF Varejo,50,7,828.7,App
C0344,2024-03,PF Varejo,50,9,1331.2,App
C0344,2024-04,PF Varejo,50,7,817.1,App
C0344,2024-05,PF Varejo,50,10,1074.3,App
C0344,2024-06,PF Varejo,50,7,1058.04,App
C0345,2024-01,PF Alta Renda,28,23,12255.51,App
C0345,2024-02,PF Alta Renda,28,22,5846.42,App
C0345,2024-03,PF Alta Renda,28,28,13936.24,App
C0345,2024-04,PF Alta Renda,28,25,6606.95,App
C0345,2024-05,PF Alta Renda,28,21,7724.57,App
C0345,2024-06,PF Alta Renda,28,24,2855.01,App
C0346,2024-01,PF Alta Renda,74,37,21111.98,App
C0346,2024-02,PF Alta Renda,74,27,9841.6,App
C0346,2024-03,PF Alta Renda,74,25,10190.14,App
C0346,2024-04,PF Alta Renda,74,26,8129.46,App
C0346,2024-05,PF Alta Renda,74,33,9199.77,App
C0346,2024-06,PF Alta Renda,74,36,15891.11,App
C0347,2024-01,PJ Pequeno Negocio,66,51,20917.65,App
C0347,2024-02,PJ Pequeno Negocio,66,43,9990.68,App
C0347,2024-03,PJ Pequeno Negocio,66,44,10334.57,App
C0347,2024-04,PJ Pequeno Negocio,66,51,10677.78,App
C0347,2024-05,PJ Pequeno Negocio,66,51,9540.57,App
C0347,2024-06,PJ Pequeno Negocio,66,54,17942.05,App
C0348,2024-01,PF Varejo,57,13,2150.28,Internet Banking
C0348,2024-02,PF Varejo,57,10,1483.31,Internet Banking
C0348,2024-03,PF Varejo,57,9,569.55,Internet Banking
C0348,2024-04,PF Varejo,57,13,1785.89,Internet Banking
C0348,2024-05,PF Varejo,57,16,1914.16,Internet Banking
C0348,2024-06,PF Varejo,57,12,2133.21,Internet Banking
C0349,2024-01,PF Varejo,59,17,2216.82,Internet Banking
C0349,2024-02,PF Varejo,59,16,1710.89,Internet Banking
C0349,2024-03,PF Varejo,59,13,1037.03,Internet Banking
C0349,2024-04,PF Varejo,59,17,1164.83,Internet Banking
C0349,2024-05,PF Varejo,59,13,2215.21,Internet Banking
C0349,2024-06,PF Varejo,59,12,1307.63,Internet Banking
C0350,2024-01,PF Varejo,51,10,1881.97,App
C0350,2024-02,PF Varejo,51,11,1203.05,App
C0350,2024-03,PF Varejo,51,8,846.7,App
C0350,2024-04,PF Varejo,51,9,1338.93,App
C0350,2024-05,PF Varejo,51,9,1413.58,App
C0350,2024-06,PF Varejo,51,8,962.67,App
C0351,2024-01,PF Varejo,21,16,1418.2,App
C0351,2024-02,PF Varejo,21,13,2250.83,App
C0351,2024-03,PF Varejo,21,15,1662.92,App
C0351,2024-04,PF Varejo,21,15,1625.6,App
C0351,2024-05,PF Varejo,21,16,2316.2,App
C0351,2024-06,PF Varejo,21,13,1444.58,App
C0352,2024-01,PF Varejo,40,7,456.55,App
C0352,2024-02,PF Varejo,40,6,555.22,App
C0352,2024-03,PF Varejo,40,7,921.1,App
C0352,2024-04,PF Varejo,40,6,937.12,App
C0352,2024-05,PF Varejo,40,5,531.79,App
C0352,2024-06,PF Varejo,40,7,607.5,App
C0353,2024-01,PF Varejo,46,7,1108.79,Internet Banking
C0353,2024-02,PF Varejo,46,5,663.01,Internet Banking
C0353,2024-03,PF Varejo,46,5,372.64,Internet Banking
C0353,2024-04,PF Varejo,46,6,832.15,Internet Banking
C0353,2024-05,PF Varejo,46,5,431.37,Internet Banking
C0353,2024-06,PF Varejo,46,5,599.61,Internet Banking
C0354,2024-01,PF Varejo,70,19,1560.35,Internet Banking
C0354,2024-02,PF Varejo,70,19,1981.75,Internet Banking
C0354,2024-03,PF Varejo,70,17,1715.88,Internet Banking
C0354,2024-04,PF Varejo,70,18,1898.79,Internet Banking
C0354,2024-05,PF Varejo,70,16,1655.14,Internet Banking
C0354,2024-06,PF Varejo,70,22,1820.13,Internet Banking
C0355,2024-01,PF Varejo,30,12,1751.13,App
C0355,2024-02,PF Varejo,30,11,1353.95,App
C0355,2024-03,PF Varejo,30,12,784.36,App
C0355,2024-04,PF Varejo,30,13,1519.88,App
C0355,2024-05,PF Varejo,30,13,1157.59,App
C0355,2024-06,PF Varejo,30,11,1262.65,App
C0356,2024-01,PF Varejo,46,4,359.36,Internet Banking
C0356,2024-02,PF Varejo,46,5,548.89,Internet Banking
C0356,2024-03,PF Varejo,46,5,470.31,Internet Banking
C0356,2024-04,PF Varejo,46,4,449.17,Internet Banking
C0356,2024-05,PF Varejo,46,4,511.35,Internet Banking
C0356,2024-06,PF Varejo,46,5,826.4,Internet Banking
C0357,2024-01,PF Alta Renda,37,12,5423.06,App
C0357,2024-02,PF Alta Renda,37,15,6297.22,App
C0357,2024-03,PF Alta Renda,37,10,3916.57,App
C0357,2024-04,PF Alta Renda,37,12,5506.6,App
C0357,2024-05,PF Alta Renda,37,12,4058.84,App
C0357,2024-06,PF Alta Renda,37,15,4856.57,App
C0358,2024-01,PF Alta Renda,25,27,13897.65,App
C0358,2024-02,PF Alta Renda,25,25,12555.3,App
C0358,2024-03,PF Alta Renda,25,32,13388.96,App
C0358,2024-04,PF Alta Renda,25,33,7927.48,App
C0358,2024-05,PF Alta Renda,25,22,6247.26,App
C0358,2024-06,PF Alta Renda,25,31,10566.47,App
C0359,2024-01,PF Varejo,23,7,976.48,Internet Banking
C0359,2024-02,PF Varejo,23,6,770.93,Internet Banking
C0359,2024-03,PF Varejo,23,8,1042.7,Internet Banking
C0359,2024-04,PF Varejo,23,10,1246.37,Internet Banking
C0359,2024-05,PF Varejo,23,10,1095.52,Internet Banking
C0359,2024-06,PF Varejo,23,10,1081.84,Internet Banking
C0360,2024-01,PF Varejo,38,8,719.49,App
C0360,2024-02,PF Varejo,38,9,1464.7,App
C0360,2024-03,PF Varejo,38,8,1250.88,App
C0360,2024-04,PF Varejo,38,10,1689.17,App
C0360,2024-05,PF Varejo,38,8,1028.68,App
C0360,2024-06,PF Varejo,38,11,1303.56,App
C0361,2024-01,PJ Pequeno Negocio,22,31,5409.3,App
C0361,2024-02,PJ Pequeno Negocio,22,27,7339.75,App
C0361,2024-03,PJ Pequeno Negocio,22,36,5494.33,App
C0361,2024-04,PJ Pequeno Negocio,22,35,10454.93,App
C0361,2024-05,PJ Pequeno Negocio,22,35,8827.41,App
C0361,2024-06,PJ Pequeno Negocio,22,28,6455.27,App
C0362,2024-01,PF Varejo,21,10,948.21,App
C0362,2024-02,PF Varejo,21,8,1078.03,App
C0362,2024-03,PF Varejo,21,6,773.83,App
C0362,2024-04,PF Varejo,21,3,218.7,App
C0362,2024-05,PF Varejo,21,0,0.0,App
C0362,2024-06,PF Varejo,21,1,151.11,App
C0363,2024-01,PF Varejo,37,17,2811.86,App
C0363,2024-02,PF Varejo,37,14,1765.25,App
C0363,2024-03,PF Varejo,37,13,2050.62,App
C0363,2024-04,PF Varejo,37,14,1384.38,App
C0363,2024-05,PF Varejo,37,17,865.97,App
C0363,2024-06,PF Varejo,37,15,2265.86,App
C0364,2024-01,PF Varejo,29,6,791.93,Internet Banking
C0364,2024-02,PF Varejo,29,7,664.63,Internet Banking
C0364,2024-03,PF Varejo,29,5,803.64,Internet Banking
C0364,2024-04,PF Varejo,29,2,144.48,Internet Banking
C0364,2024-05,PF Varejo,29,0,0.0,Internet Banking
C0364,2024-06,PF Varejo,29,0,0.0,Internet Banking
C0365,2024-01,PF Alta Renda,49,9,3403.34,Internet Banking
C0365,2024-02,PF Alta Renda,49,10,3824.89,Internet Banking
C0365,2024-03,PF Alta Renda,49,10,3305.04,Internet Banking
C0365,2024-04,PF Alta Renda,49,10,2060.71,Internet Banking
C0365,2024-05,PF Alta Renda,49,8,2137.95,Internet Banking
C0365,2024-06,PF Alta Renda,49,11,3062.5,Internet Banking
C0366,2024-01,PF Varejo,19,8,1199.52,App
C0366,2024-02,PF Varejo,19,10,934.57,App
C0366,2024-03,PF Varejo,19,9,894.53,App
C0366,2024-04,PF Varejo,19,6,605.55,App
C0366,2024-05,PF Varejo,19,10,1228.36,App
C0366,2024-06,PF Varejo,19,8,545.82,App
C0367,2024-01,PF Alta Renda,35,15,6603.87,App
C0367,2024-02,PF Alta Renda,35,14,5243.61,App
C0367,2024-03,PF Alta Renda,35,15,9218.81,App
C0367,2024-04,PF Alta Renda,35,17,8664.33,App
C0367,2024-05,PF Alta Renda,35,17,7795.03,App
C0367,2024-06,PF Alta Renda,35,18,9563.37,App
C0368,2024-01,PF Alta Renda,43,18,8169.98,Internet Banking
C0368,2024-02,PF Alta Renda,43,17,5718.92,Internet Banking
C0368,2024-03,PF Alta Renda,43,15,5920.48,Internet Banking
C0368,2024-04,PF Alta Renda,43,19,8850.68,Internet Banking
C0368,2024-05,PF Alta Renda,43,18,7457.21,Internet Banking
C0368,2024-06,PF Alta Renda,43,15,7583.35,Internet Banking
C0369,2024-01,PF Varejo,72,6,453.87,App
C0369,2024-02,PF Varejo,72,6,1156.48,App
C0369,2024-03,PF Varejo,72,5,322.18,App
C0369,2024-04,PF Varejo,72,2,280.79,App
C0369,2024-05,PF Varejo,72,0,0.0,App
C0369,2024-06,PF Varejo,72,0,0.0,App
C0370,2024-01,PJ Pequeno Negocio,54,46,17499.73,Internet Banking
C0370,2024-02,PJ Pequeno Negocio,54,48,7493.19,Internet Banking
C0370,2024-03,PJ Pequeno Negocio,54,50,11273.02,Internet Banking
C0370,2024-04,PJ Pequeno Negocio,54,46,12454.59,Internet Banking
C0370,2024-05,PJ Pequeno Negocio,54,59,13688.06,Internet Banking
C0370,2024-06,PJ Pequeno Negocio,54,52,9035.66,Internet Banking
C0371,2024-01,PF Alta Renda,68,26,12474.46,App
C0371,2024-02,PF Alta Renda,68,22,10104.92,App
C0371,2024-03,PF Alta Renda,68,27,9095.41,App
C0371,2024-04,PF Alta Renda,68,21,11923.85,App
C0371,2024-05,PF Alta Renda,68,22,6303.24,App
C0371,2024-06,PF Alta Renda,68,25,14166.21,App
C0372,2024-01,PF Varejo,37,13,2130.23,App
C0372,2024-02,PF Varejo,37,11,1584.23,App
C0372,2024-03,PF Varejo,37,9,1064.21,App
C0372,2024-04,PF Varejo,37,13,1773.36,App
C0372,2024-05,PF Varejo,37,10,1586.54,App
C0372,2024-06,PF Varejo,37,15,1540.79,App
C0373,2024-01,PF Varejo,43,11,1129.74,Internet Banking
C0373,2024-02,PF Varejo,43,8,1037.44,Internet Banking
C0373,2024-03,PF Varejo,43,5,577.65,Internet Banking
C0373,2024-04,PF Varejo,43,2,300.21,Internet Banking
C0373,2024-05,PF Varejo,43,1,136.7,Internet Banking
C0373,2024-06,PF Varejo,43,1,80.11,Internet Banking
C0374,2024-01,PF Varejo,41,11,854.02,App
C0374,2024-02,PF Varejo,41,9,883.86,App
C0374,2024-03,PF Varejo,41,7,873.77,App
C0374,2024-04,PF Varejo,41,8,768.12,App
C0374,2024-05,PF Varejo,41,10,1314.64,App
C0374,2024-06,PF Varejo,41,9,1390.99,App
C0375,2024-01,PF Varejo,68,12,1291.03,App
C0375,2024-02,PF Varejo,68,14,2011.38,App
C0375,2024-03,PF Varejo,68,13,1410.49,App
C0375,2024-04,PF Varejo,68,14,1087.11,App
C0375,2024-05,PF Varejo,68,13,939.69,App
C0375,2024-06,PF Varejo,68,11,1186.33,App
C0376,2024-01,PF Varejo,72,9,611.85,App
C0376,2024-02,PF Varejo,72,11,599.86,App
C0376,2024-03,PF Varejo,72,8,848.29,App
C0376,2024-04,PF Varejo,72,3,205.95,App
C0376,2024-05,PF Varejo,72,1,117.02,App
C0376,2024-06,PF Varejo,72,0,0.0,App
C0377,2024-01,PJ Pequeno Negocio,72,49,10865.29,App
C0377,2024-02,PJ Pequeno Negocio,72,48,15032.29,App
C0377,2024-03,PJ Pequeno Negocio,72,47,7353.75,App
C0377,2024-04,PJ Pequeno Negocio,72,54,18571.24,App
C0377,2024-05,PJ Pequeno Negocio,72,55,14399.84,App
C0377,2024-06,PJ Pequeno Negocio,72,64,15355.67,App
C0378,2024-01,PF Varejo,60,9,1318.93,App
C0378,2024-02,PF Varejo,60,8,619.99,App
C0378,2024-03,PF Varejo,60,7,746.17,App
C0378,2024-04,PF Varejo,60,8,1151.08,App
C0378,2024-05,PF Varejo,60,8,1130.07,App
C0378,2024-06,PF Varejo,60,8,578.17,App
C0379,2024-01,PF Varejo,46,3,283.4,App
C0379,2024-02,PF Varejo,46,3,257.24,App
C0379,2024-03,PF Varejo,46,2,281.37,App
C0379,2024-04,PF Varejo,46,1,110.35,App
C0379,2024-05,PF Varejo,46,0,0.0,App
C0379,2024-06,PF Varejo,46,0,0.0,App
C0380,2024-01,PF Alta Renda,48,22,5490.31,Internet Banking
C0380,2024-02,PF Alta Renda,48,16,5599.86,Internet Banking
C0380,2024-03,PF Alta Renda,48,21,8941.02,Internet Banking
C0380,2024-04,PF Alta Renda,48,19,7384.4,Internet Banking
C0380,2024-05,PF Alta Renda,48,21,10681.38,Internet Banking
C0380,2024-06,PF Alta Renda,48,21,10447.04,Internet Banking
C0381,2024-01,PF Varejo,73,19,2449.27,Internet Banking
C0381,2024-02,PF Varejo,73,15,1901.65,Internet Banking
C0381,2024-03,PF Varejo,73,16,1934.71,Internet Banking
C0381,2024-04,PF Varejo,73,22,3460.14,Internet Banking
C0381,2024-05,PF Varejo,73,18,1807.23,Internet Banking
C0381,2024-06,PF Varejo,73,19,2840.35,Internet Banking
C0382,2024-01,PJ Pequeno Negocio,34,31,5826.98,App
C0382,2024-02,PJ Pequeno Negocio,34,36,8296.38,App
C0382,2024-03,PJ Pequeno Negocio,34,41,10749.81,App
C0382,2024-04,PJ Pequeno Negocio,34,27,7370.35,App
C0382,2024-05,PJ Pequeno Negocio,34,31,10177.74,App
C0382,2024-06,PJ Pequeno Negocio,34,32,9333.44,App
C0383,2024-01,PF Alta Renda,37,10,4082.38,App
C0383,2024-02,PF Alta Renda,37,14,6790.3,App
C0383,2024-03,PF Alta Renda,37,10,4342.76,App
C0383,2024-04,PF Alta Renda,37,11,3460.16,App
C0383,2024-05,PF Alta Renda,37,11,1964.12,App
C0383,2024-06,PF Alta Renda,37,14,4871.91,App
C0384,2024-01,PF Varejo,69,9,1148.49,App
C0384,2024-02,PF Varejo,69,8,1160.51,App
C0384,2024-03,PF Varejo,69,8,694.89,App
C0384,2024-04,PF Varejo,69,6,782.61,App
C0384,2024-05,PF Varejo,69,7,1122.96,App
C0384,2024-06,PF Varejo,69,8,856.61,App
C0385,2024-01,PF Varejo,40,9,885.3,Internet Banking
C0385,2024-02,PF Varejo,40,10,1312.5,Internet Banking
C0385,2024-03,PF Varejo,40,5,560.18,Internet Banking
C0385,2024-04,PF Varejo,40,2,217.42,Internet Banking
C0385,2024-05,PF Varejo,40,0,0.0,Internet Banking
C0385,2024-06,PF Varejo,40,0,0.0,Internet Banking
C0386,2024-01,PJ Pequeno Negocio,31,62,12783.14,App
C0386,2024-02,PJ Pequeno Negocio,31,51,7547.24,App
C0386,2024-03,PJ Pequeno Negocio,31,65,12300.96,App
C0386,2024-04,PJ Pequeno Negocio,31,53,14483.6,App
C0386,2024-05,PJ Pequeno Negocio,31,61,15364.04,App
C0386,2024-06,PJ Pequeno Negocio,31,53,16450.42,App
C0387,2024-01,PF Alta Renda,49,23,5257.82,App
C0387,2024-02,PF Alta Renda,49,21,10209.12,App
C0387,2024-03,PF Alta Renda,49,18,9279.84,App
C0387,2024-04,PF Alta Renda,49,8,3406.1,App
C0387,2024-05,PF Alta Renda,49,1,253.19,App
C0387,2024-06,PF Alta Renda,49,1,354.42,App
C0388,2024-01,PJ Pequeno Negocio,36,44,11086.95,App
C0388,2024-02,PJ Pequeno Negocio,36,40,7092.74,App
C0388,2024-03,PJ Pequeno Negocio,36,49,14212.51,App
C0388,2024-04,PJ Pequeno Negocio,36,45,11102.68,App
C0388,2024-05,PJ Pequeno Negocio,36,45,11377.67,App
C0388,2024-06,PJ Pequeno Negocio,36,31,6354.78,App
C0389,2024-01,PF Varejo,68,15,2751.41,App
C0389,2024-02,PF Varejo,68,15,1203.62,App
C0389,2024-03,PF Varejo,68,10,1213.4,App
C0389,2024-04,PF Varejo,68,13,1909.21,App
C0389,2024-05,PF Varejo,68,12,1827.94,App
C0389,2024-06,PF Varejo,68,9,1252.45,App
C0390,2024-01,PJ Pequeno Negocio,69,29,6714.11,App
C0390,2024-02,PJ Pequeno Negocio,69,39,9158.99,App
C0390,2024-03,PJ Pequeno Negocio,69,29,5525.31,App
C0390,2024-04,PJ Pequeno Negocio,69,42,11667.81,App
C0390,2024-05,PJ Pequeno Negocio,69,39,11611.59,App
C0390,2024-06,PJ Pequeno Negocio,69,42,8924.37,App
C0391,2024-01,PF Varejo,35,7,794.59,App
C0391,2024-02,PF Varejo,35,7,828.18,App
C0391,2024-03,PF Varejo,35,7,921.39,App
C0391,2024-04,PF Varejo,35,8,1093.18,App
C0391,2024-05,PF Varejo,35,7,1089.39,App
C0391,2024-06,PF Varejo,35,6,596.89,App
C0392,2024-01,PF Varejo,48,8,501.89,Internet Banking
C0392,2024-02,PF Varejo,48,11,2175.39,Internet Banking
C0392,2024-03,PF Varejo,48,8,648.42,Internet Banking
C0392,2024-04,PF Varejo,48,9,1115.06,Internet Banking
C0392,2024-05,PF Varejo,48,9,1191.9,Internet Banking
C0392,2024-06,PF Varejo,48,7,1005.14,Internet Banking
C0393,2024-01,PF Varejo,74,4,702.36,Internet Banking
C0393,2024-02,PF Varejo,74,5,458.29,Internet Banking
C0393,2024-03,PF Varejo,74,4,516.09,Internet Banking
C0393,2024-04,PF Varejo,74,5,618.82,Internet Banking
C0393,2024-05,PF Varejo,74,4,556.34,Internet Banking
C0393,2024-06,PF Varejo,74,5,686.44,Internet Banking
C0394,2024-01,PF Alta Renda,60,18,6768.67,Internet Banking
C0394,2024-02,PF Alta Renda,60,22,5035.52,Internet Banking
C0394,2024-03,PF Alta Renda,60,13,4783.47,Internet Banking
C0394,2024-04,PF Alta Renda,60,6,2428.79,Internet Banking
C0394,2024-05,PF Alta Renda,60,1,377.35,Internet Banking
C0394,2024-06,PF Alta Renda,60,1,271.94,Internet Banking
C0395,2024-01,PF Varejo,30,6,787.99,App
C0395,2024-02,PF Varejo,30,7,700.55,App
C0395,2024-03,PF Varejo,30,6,630.11,App
C0395,2024-04,PF Varejo,30,7,884.89,App
C0395,2024-05,PF Varejo,30,10,1010.18,App
C0395,2024-06,PF Varejo,30,7,841.87,App
C0396,2024-01,PF Varejo,51,11,1172.87,App
C0396,2024-02,PF Varejo,51,10,1042.28,App
C0396,2024-03,PF Varejo,51,9,914.09,App
C0396,2024-04,PF Varejo,51,9,1336.54,App
C0396,2024-05,PF Varejo,51,11,1152.92,App
C0396,2024-06,PF Varejo,51,10,1006.24,App
C0397,2024-01,PF Alta Renda,53,14,7290.32,App
C0397,2024-02,PF Alta Renda,53,15,5168.1,App
C0397,2024-03,PF Alta Renda,53,14,6333.42,App
C0397,2024-04,PF Alta Renda,53,13,5434.96,App
C0397,2024-05,PF Alta Renda,53,12,3339.43,App
C0397,2024-06,PF Alta Renda,53,8,1802.72,App
C0398,2024-01,PF Varejo,55,5,339.47,Internet Banking
C0398,2024-02,PF Varejo,55,6,794.37,Internet Banking
C0398,2024-03,PF Varejo,55,4,639.06,Internet Banking
C0398,2024-04,PF Varejo,55,2,207.94,Internet Banking
C0398,2024-05,PF Varejo,55,0,0.0,Internet Banking
C0398,2024-06,PF Varejo,55,0,0.0,Internet Banking
C0399,2024-01,PF Varejo,19,14,1940.65,App
C0399,2024-02,PF Varejo,19,11,1014.58,App
C0399,2024-03,PF Varejo,19,12,1564.29,App
C0399,2024-04,PF Varejo,19,10,1315.62,App
C0399,2024-05,PF Varejo,19,9,1229.56,App
C0399,2024-06,PF Varejo,19,13,1090.2,App
C0400,2024-01,PF Varejo,35,14,1879.56,Internet Banking
C0400,2024-02,PF Varejo,35,14,2215.1,Internet Banking
C0400,2024-03,PF Varejo,35,16,1829.9,Internet Banking
C0400,2024-04,PF Varejo,35,15,2198.97,Internet Banking
C0400,2024-05,PF Varejo,35,12,732.61,Internet Banking
C0400,2024-06,PF Varejo,35,12,2255.17,Internet Banking
C0401,2024-01,PF Varejo,66,15,1084.81,App
C0401,2024-02,PF Varejo,66,18,1031.07,App
C0401,2024-03,PF Varejo,66,20,2843.56,App
C0401,2024-04,PF Varejo,66,14,1657.13,App
C0401,2024-05,PF Varejo,66,18,761.79,App
C0401,2024-06,PF Varejo,66,14,2228.04,App
C0402,2024-01,PJ Pequeno Negocio,31,31,10504.69,Internet Banking
C0402,2024-02,PJ Pequeno Negocio,31,22,7926.63,Internet Banking
C0402,2024-03,PJ Pequeno Negocio,31,35,9291.1,Internet Banking
C0402,2024-04,PJ Pequeno Negocio,31,35,8699.4,Internet Banking
C0402,2024-05,PJ Pequeno Negocio,31,29,10561.88,Internet Banking
C0402,2024-06,PJ Pequeno Negocio,31,33,6576.32,Internet Banking
C0403,2024-01,PF Alta Renda,35,28,12021.29,App
C0403,2024-02,PF Alta Renda,35,39,14867.56,App
C0403,2024-03,PF Alta Renda,35,34,13248.69,App
C0403,2024-04,PF Alta Renda,35,35,11262.74,App
C0403,2024-05,PF Alta Renda,35,29,13987.2,App
C0403,2024-06,PF Alta Renda,35,27,13900.86,App
C0404,2024-01,PF Varejo,36,9,1425.52,App
C0404,2024-02,PF Varejo,36,9,1530.92,App
C0404,2024-03,PF Varejo,36,11,1081.19,App
C0404,2024-04,PF Varejo,36,11,1527.59,App
C0404,2024-05,PF Varejo,36,14,2453.31,App
C0404,2024-06,PF Varejo,36,9,1186.04,App
C0405,2024-01,PJ Pequeno Negocio,28,45,9258.73,App
C0405,2024-02,PJ Pequeno Negocio,28,33,10336.11,App
C0405,2024-03,PJ Pequeno Negocio,28,34,8153.07,App
C0405,2024-04,PJ Pequeno Negocio,28,41,10992.12,App
C0405,2024-05,PJ Pequeno Negocio,28,31,5680.08,App
C0405,2024-06,PJ Pequeno Negocio,28,45,9159.28,App
C0406,2024-01,PJ Pequeno Negocio,26,30,10367.66,App
C0406,2024-02,PJ Pequeno Negocio,26,28,8798.17,App
C0406,2024-03,PJ Pequeno Negocio,26,20,4933.48,App
C0406,2024-04,PJ Pequeno Negocio,26,30,8358.79,App
C0406,2024-05,PJ Pequeno Negocio,26,26,8044.8,App
C0406,2024-06,PJ Pequeno Negocio,26,31,6752.04,App
C0407,2024-01,PF Varejo,37,9,937.88,App
C0407,2024-02,PF Varejo,37,8,1492.63,App
C0407,2024-03,PF Varejo,37,11,1142.81,App
C0407,2024-04,PF Varejo,37,8,1138.73,App
C0407,2024-05,PF Varejo,37,9,1219.83,App
C0407,2024-06,PF Varejo,37,7,752.44,App
C0408,2024-01,PF Alta Renda,67,20,7964.59,App
C0408,2024-02,PF Alta Renda,67,27,8407.44,App
C0408,2024-03,PF Alta Renda,67,28,10083.29,App
C0408,2024-04,PF Alta Renda,67,23,5584.23,App
C0408,2024-05,PF Alta Renda,67,23,13593.16,App
C0408,2024-06,PF Alta Renda,67,28,12522.28,App
C0409,2024-01,PF Varejo,18,10,1077.35,App
C0409,2024-02,PF Varejo,18,8,579.7,App
C0409,2024-03,PF Varejo,18,9,1027.04,App
C0409,2024-04,PF Varejo,18,8,730.59,App
C0409,2024-05,PF Varejo,18,10,1073.3,App
C0409,2024-06,PF Varejo,18,9,620.72,App
C0410,2024-01,PJ Pequeno Negocio,34,19,4578.5,Internet Banking
C0410,2024-02,PJ Pequeno Negocio,34,20,5829.09,Internet Banking
C0410,2024-03,PJ Pequeno Negocio,34,21,5859.81,Internet Banking
C0410,2024-04,PJ Pequeno Negocio,34,19,3551.18,Internet Banking
C0410,2024-05,PJ Pequeno Negocio,34,22,5575.16,Internet Banking
C0410,2024-06,PJ Pequeno Negocio,34,22,5931.89,Internet Banking
C0411,2024-01,PF Alta Renda,21,15,5763.71,App
C0411,2024-02,PF Alta Renda,21,18,6673.04,App
C0411,2024-03,PF Alta Renda,21,19,9562.13,App
C0411,2024-04,PF Alta Renda,21,18,7161.5,App
C0411,2024-05,PF Alta Renda,21,13,5640.72,App
C0411,2024-06,PF Alta Renda,21,17,11141.55,App
C0412,2024-01,PF Alta Renda,50,13,7797.85,App
C0412,2024-02,PF Alta Renda,50,14,7856.09,App
C0412,2024-03,PF Alta Renda,50,13,5075.46,App
C0412,2024-04,PF Alta Renda,50,13,3143.19,App
C0412,2024-05,PF Alta Renda,50,17,6152.31,App
C0412,2024-06,PF Alta Renda,50,15,4607.96,App
C0413,2024-01,PF Varejo,32,10,1306.47,Internet Banking
C0413,2024-02,PF Varejo,32,10,562.26,Internet Banking
C0413,2024-03,PF Varejo,32,9,945.54,Internet Banking
C0413,2024-04,PF Varejo,32,11,1660.67,Internet Banking
C0413,2024-05,PF Varejo,32,12,1431.34,Internet Banking
C0413,2024-06,PF Varejo,32,10,1348.79,Internet Banking
C0414,2024-01,PJ Pequeno Negocio,63,40,5285.2,App
C0414,2024-02,PJ Pequeno Negocio,63,36,8526.73,App
C0414,2024-03,PJ Pequeno Negocio,63,57,12065.76,App
C0414,2024-04,PJ Pequeno Negocio,63,52,15857.97,App
C0414,2024-05,PJ Pequeno Negocio,63,50,10451.89,App
C0414,2024-06,PJ Pequeno Negocio,63,44,8249.81,App
C0415,2024-01,PF Varejo,51,15,2705.16,App
C0415,2024-02,PF Varejo,51,10,1493.42,App
C0415,2024-03,PF Varejo,51,11,906.35,App
C0415,2024-04,PF Varejo,51,13,1883.95,App
C0415,2024-05,PF Varejo,51,11,1094.49,App
C0415,2024-06,PF Varejo,51,9,1216.48,App
C0416,2024-01,PF Varejo,62,8,996.76,Internet Banking
C0416,2024-02,PF Varejo,62,7,1235.06,Internet Banking
C0416,2024-03,PF Varejo,62,7,1308.76,Internet Banking
C0416,2024-04,PF Varejo,62,8,817.46,Internet Banking
C0416,2024-05,PF Varejo,62,8,614.58,Internet Banking
C0416,2024-06,PF Varejo,62,8,530.63,Internet Banking
C0417,2024-01,PF Varejo,54,13,1096.2,Internet Banking
C0417,2024-02,PF Varejo,54,12,1660.77,Internet Banking
C0417,2024-03,PF Varejo,54,11,1391.44,Internet Banking
C0417,2024-04,PF Varejo,54,12,1063.72,Internet Banking
C0417,2024-05,PF Varejo,54,13,1763.18,Internet Banking
C0417,2024-06,PF Varejo,54,14,1470.29,Internet Banking
C0418,2024-01,PF Alta Renda,42,14,5258.86,App
C0418,2024-02,PF Alta Renda,42,16,4865.87,App
C0418,2024-03,PF Alta Renda,42,11,2704.43,App
C0418,2024-04,PF Alta Renda,42,4,732.08,App
C0418,2024-05,PF Alta Renda,42,1,314.13,App
C0418,2024-06,PF Alta Renda,42,1,443.31,App
C0419,2024-01,PF Varejo,67,10,1581.87,Internet Banking
C0419,2024-02,PF Varejo,67,13,1774.78,Internet Banking
C0419,2024-03,PF Varejo,67,8,720.13,Internet Banking
C0419,2024-04,PF Varejo,67,3,414.12,Internet Banking
C0419,2024-05,PF Varejo,67,1,124.39,Internet Banking
C0419,2024-06,PF Varejo,67,1,115.98,Internet Banking
C0420,2024-01,PJ Pequeno Negocio,45,36,7200.75,App
C0420,2024-02,PJ Pequeno Negocio,45,39,10506.06,App
C0420,2024-03,PJ Pequeno Negocio,45,41,13687.8,App
C0420,2024-04,PJ Pequeno Negocio,45,34,12224.19,App
C0420,2024-05,PJ Pequeno Negocio,45,39,6141.32,App
C0420,2024-06,PJ Pequeno Negocio,45,46,13588.46,App
C0421,2024-01,PF Alta Renda,72,21,7091.91,App
C0421,2024-02,PF Alta Renda,72,23,10409.74,App
C0421,2024-03,PF Alta Renda,72,28,12807.06,App
C0421,2024-04,PF Alta Renda,72,21,6157.46,App
C0421,2024-05,PF Alta Renda,72,27,5496.66,App
C0421,2024-06,PF Alta Renda,72,28,9142.2,App
C0422,2024-01,PF Varejo,74,12,2023.87,App
C0422,2024-02,PF Varejo,74,11,1660.38,App
C0422,2024-03,PF Varejo,74,10,709.82,App
C0422,2024-04,PF Varejo,74,5,459.31,App
C0422,2024-05,PF Varejo,74,1,88.4,App
C0422,2024-06,PF Varejo,74,1,163.63,App
C0423,2024-01,PF Varejo,51,9,1142.9,App
C0423,2024-02,PF Varejo,51,11,1660.12,App
C0423,2024-03,PF Varejo,51,10,1456.45,App
C0423,2024-04,PF Varejo,51,8,1182.51,App
C0423,2024-05,PF Varejo,51,9,1224.67,App
C0423,2024-06,PF Varejo,51,11,1172.34,App
C0424,2024-01,PF Varejo,56,15,2078.03,Internet Banking
C0424,2024-02,PF Varejo,56,12,1381.99,Internet Banking
C0424,2024-03,PF Varejo,56,9,835.53,Internet Banking
C0424,2024-04,PF Varejo,56,4,662.52,Internet Banking
C0424,2024-05,PF Varejo,56,1,120.11,Internet Banking
C0424,2024-06,PF Varejo,56,1,128.72,Internet Banking
C0425,2024-01,PF Varejo,32,14,2079.56,App
C0425,2024-02,PF Varejo,32,15,2208.0,App
C0425,2024-03,PF Varejo,32,14,1914.21,App
C0425,2024-04,PF Varejo,32,17,1620.09,App
C0425,2024-05,PF Varejo,32,13,1350.99,App
C0425,2024-06,PF Varejo,32,19,3023.64,App
C0426,2024-01,PF Alta Renda,64,24,11260.4,Internet Banking
C0426,2024-02,PF Alta Renda,64,26,10168.81,Internet Banking
C0426,2024-03,PF Alta Renda,64,25,6280.93,Internet Banking
C0426,2024-04,PF Alta Renda,64,22,7577.4,Internet Banking
C0426,2024-05,PF Alta Renda,64,26,7369.14,Internet Banking
C0426,2024-06,PF Alta Renda,64,28,12456.92,Internet Banking
C0427,2024-01,PF Varejo,56,12,1080.84,App
C0427,2024-02,PF Varejo,56,12,1498.66,App
C0427,2024-03,PF Varejo,56,11,1098.29,App
C0427,2024-04,PF Varejo,56,10,1451.05,App
C0427,2024-05,PF Varejo,56,10,1776.99,App
C0427,2024-06,PF Varejo,56,14,2216.58,App
C0428,2024-01,PF Alta Renda,69,21,5525.83,App
C0428,2024-02,PF Alta Renda,69,23,9087.51,App
C0428,2024-03,PF Alta Renda,69,28,8480.3,App
C0428,2024-04,PF Alta Renda,69,22,6539.62,App
C0428,2024-05,PF Alta Renda,69,26,10548.64,App
C0428,2024-06,PF Alta Renda,69,25,10236.12,App
C0429,2024-01,PF Varejo,33,9,627.03,App
C0429,2024-02,PF Varejo,33,12,1858.55,App
C0429,2024-03,PF Varejo,33,9,1063.0,App
C0429,2024-04,PF Varejo,33,10,1116.41,App
C0429,2024-05,PF Varejo,33,12,1662.62,App
C0429,2024-06,PF Varejo,33,10,1285.61,App
C0430,2024-01,PF Alta Renda,62,34,10483.28,App
C0430,2024-02,PF Alta Renda,62,32,8078.97,App
C0430,2024-03,PF Alta Renda,62,24,11572.89,App
C0430,2024-04,PF Alta Renda,62,11,3309.11,App
C0430,2024-05,PF Alta Renda,62,2,864.46,App
C0430,2024-06,PF Alta Renda,62,2,598.12,App
C0431,2024-01,PJ Pequeno Negocio,44,34,7809.78,Internet Banking
C0431,2024-02,PJ Pequeno Negocio,44,29,6608.19,Internet Banking
C0431,2024-03,PJ Pequeno Negocio,44,33,12250.86,Internet Banking
C0431,2024-04,PJ Pequeno Negocio,44,32,7313.44,Internet Banking
C0431,2024-05,PJ Pequeno Negocio,44,29,8371.32,Internet Banking
C0431,2024-06,PJ Pequeno Negocio,44,28,6553.39,Internet Banking
C0432,2024-01,PF Alta Renda,28,17,10544.91,App
C0432,2024-02,PF Alta Renda,28,24,11325.59,App
C0432,2024-03,PF Alta Renda,28,15,6653.41,App
C0432,2024-04,PF Alta Renda,28,19,6404.08,App
C0432,2024-05,PF Alta Renda,28,15,6254.7,App
C0432,2024-06,PF Alta Renda,28,19,9403.13,App
C0433,2024-01,PF Alta Renda,27,18,7774.74,App
C0433,2024-02,PF Alta Renda,27,20,12102.52,App
C0433,2024-03,PF Alta Renda,27,21,8290.82,App
C0433,2024-04,PF Alta Renda,27,18,2787.85,App
C0433,2024-05,PF Alta Renda,27,21,10542.21,App
C0433,2024-06,PF Alta Renda,27,18,6424.04,App
C0434,2024-01,PF Alta Renda,50,42,22937.13,App
C0434,2024-02,PF Alta Renda,50,42,17948.67,App
C0434,2024-03,PF Alta Renda,50,35,8329.88,App
C0434,2024-04,PF Alta Renda,50,35,14729.85,App
C0434,2024-05,PF Alta Renda,50,37,18145.18,App
C0434,2024-06,PF Alta Renda,50,43,15018.56,App
C0435,2024-01,PF Varejo,36,10,939.89,App
C0435,2024-02,PF Varejo,36,11,1591.11,App
C0435,2024-03,PF Varejo,36,11,1647.79,App
C0435,2024-04,PF Varejo,36,12,1114.73,App
C0435,2024-05,PF Varejo,36,13,2154.78,App
C0435,2024-06,PF Varejo,36,12,1501.78,App
C0436,2024-01,PF Varejo,23,8,1128.07,Internet Banking
C0436,2024-02,PF Varejo,23,10,1118.33,Internet Banking
C0436,2024-03,PF Varejo,23,9,1318.23,Internet Banking
C0436,2024-04,PF Varejo,23,12,1382.37,Internet Banking
C0436,2024-05,PF Varejo,23,11,1437.92,Internet Banking
C0436,2024-06,PF Varejo,23,10,1399.64,Internet Banking
C0437,2024-01,PF Varejo,42,16,3206.08,App
C0437,2024-02,PF Varejo,42,16,2711.5,App
C0437,2024-03,PF Varejo,42,18,2099.17,App
C0437,2024-04,PF Varejo,42,21,1615.31,App
C0437,2024-05,PF Varejo,42,14,2004.7,App
C0437,2024-06,PF Varejo,42,12,1349.51,App
C0438,2024-01,PF Varejo,55,7,541.45,Internet Banking
C0438,2024-02,PF Varejo,55,11,1116.47,Internet Banking
C0438,2024-03,PF Varejo,55,11,1024.96,Internet Banking
C0438,2024-04,PF Varejo,55,9,1488.26,Internet Banking
C0438,2024-05,PF Varejo,55,9,939.64,Internet Banking
C0438,2024-06,PF Varejo,55,11,1398.52,Internet Banking
C0439,2024-01,PF Alta Renda,36,11,5284.1,App
C0439,2024-02,PF Alta Renda,36,10,3363.76,App
C0439,2024-03,PF Alta Renda,36,11,4149.91,App
C0439,2024-04,PF Alta Renda,36,14,7168.17,App
C0439,2024-05,PF Alta Renda,36,8,3020.74,App
C0439,2024-06,PF Alta Renda,36,8,4890.17,App
C0440,2024-01,PF Varejo,72,14,1827.5,App
C0440,2024-02,PF Varejo,72,13,1925.16,App
C0440,2024-03,PF Varejo,72,14,1434.14,App
C0440,2024-04,PF Varejo,72,16,2507.1,App
C0440,2024-05,PF Varejo,72,16,1751.3,App
C0440,2024-06,PF Varejo,72,11,1150.4,App
C0441,2024-01,PJ Pequeno Negocio,62,17,3605.94,App
C0441,2024-02,PJ Pequeno Negocio,62,19,4976.4,App
C0441,2024-03,PJ Pequeno Negocio,62,19,3695.48,App
C0441,2024-04,PJ Pequeno Negocio,62,18,6980.55,App
C0441,2024-05,PJ Pequeno Negocio,62,19,4396.84,App
C0441,2024-06,PJ Pequeno Negocio,62,20,4228.65,App
C0442,2024-01,PF Varejo,47,6,879.98,App
C0442,2024-02,PF Varejo,47,9,1153.7,App
C0442,2024-03,PF Varejo,47,7,855.94,App
C0442,2024-04,PF Varejo,47,8,1007.37,App
C0442,2024-05,PF Varejo,47,8,868.08,App
C0442,2024-06,PF Varejo,47,6,601.42,App
C0443,2024-01,PF Alta Renda,71,24,12791.02,Internet Banking
C0443,2024-02,PF Alta Renda,71,21,8954.78,Internet Banking
C0443,2024-03,PF Alta Renda,71,25,9632.76,Internet Banking
C0443,2024-04,PF Alta Renda,71,25,9759.82,Internet Banking
C0443,2024-05,PF Alta Renda,71,22,4829.51,Internet Banking
C0443,2024-06,PF Alta Renda,71,27,7394.67,Internet Banking
C0444,2024-01,PF Varejo,42,8,607.63,Internet Banking
C0444,2024-02,PF Varejo,42,8,682.25,Internet Banking
C0444,2024-03,PF Varejo,42,6,648.12,Internet Banking
C0444,2024-04,PF Varejo,42,3,474.61,Internet Banking
C0444,2024-05,PF Varejo,42,1,113.55,Internet Banking
C0444,2024-06,PF Varejo,42,0,0.0,Internet Banking
C0445,2024-01,PF Varejo,25,7,667.88,Internet Banking
C0445,2024-02,PF Varejo,25,8,1000.15,Internet Banking
C0445,2024-03,PF Varejo,25,7,757.37,Internet Banking
C0445,2024-04,PF Varejo,25,7,624.69,Internet Banking
C0445,2024-05,PF Varejo,25,7,1097.13,Internet Banking
C0445,2024-06,PF Varejo,25,9,1836.06,Internet Banking
C0446,2024-01,PF Alta Renda,20,22,9808.61,App
C0446,2024-02,PF Alta Renda,20,14,4893.34,App
C0446,2024-03,PF Alta Renda,20,14,4895.6,App
C0446,2024-04,PF Alta Renda,20,18,5049.31,App
C0446,2024-05,PF Alta Renda,20,19,8697.38,App
C0446,2024-06,PF Alta Renda,20,13,5581.45,App
C0447,2024-01,PJ Pequeno Negocio,71,41,12435.68,App
C0447,2024-02,PJ Pequeno Negocio,71,45,12121.16,App
C0447,2024-03,PJ Pequeno Negocio,71,59,11572.24,App
C0447,2024-04,PJ Pequeno Negocio,71,43,8731.3,App
C0447,2024-05,PJ Pequeno Negocio,71,56,12038.73,App
C0447,2024-06,PJ Pequeno Negocio,71,58,21155.78,App
C0448,2024-01,PF Varejo,72,9,974.38,App
C0448,2024-02,PF Varejo,72,6,634.91,App
C0448,2024-03,PF Varejo,72,4,352.02,App
C0448,2024-04,PF Varejo,72,2,258.2,App
C0448,2024-05,PF Varejo,72,0,0.0,App
C0448,2024-06,PF Varejo,72,0,0.0,App
C0449,2024-01,PF Varejo,60,8,647.7,App
C0449,2024-02,PF Varejo,60,7,576.13,App
C0449,2024-03,PF Varejo,60,8,1067.02,App
C0449,2024-04,PF Varejo,60,7,723.23,App
C0449,2024-05,PF Varejo,60,8,825.88,App
C0449,2024-06,PF Varejo,60,8,1068.82,App
C0450,2024-01,PF Varejo,23,12,2237.7,App
C0450,2024-02,PF Varejo,23,12,1305.78,App
C0450,2024-03,PF Varejo,23,12,1314.29,App
C0450,2024-04,PF Varejo,23,12,1499.48,App
C0450,2024-05,PF Varejo,23,11,915.47,App
C0450,2024-06,PF Varejo,23,11,1196.11,App
C0451,2024-01,PF Varejo,34,10,1006.54,App
C0451,2024-02,PF Varejo,34,9,1327.52,App
C0451,2024-03,PF Varejo,34,10,1416.77,App
C0451,2024-04,PF Varejo,34,12,1302.56,App
C0451,2024-05,PF Varejo,34,11,1480.46,App
C0451,2024-06,PF Varejo,34,11,713.56,App
C0452,2024-01,PJ Pequeno Negocio,20,24,4784.51,App
C0452,2024-02,PJ Pequeno Negocio,20,26,3168.86,App
C0452,2024-03,PJ Pequeno Negocio,20,15,3550.4,App
C0452,2024-04,PJ Pequeno Negocio,20,8,2179.23,App
C0452,2024-05,PJ Pequeno Negocio,20,1,182.53,App
C0452,2024-06,PJ Pequeno Negocio,20,1,210.76,App
C0453,2024-01,PF Alta Renda,20,33,12671.23,Internet Banking
C0453,2024-02,PF Alta Renda,20,27,10890.46,Internet Banking
C0453,2024-03,PF Alta Renda,20,31,16247.48,Internet Banking
C0453,2024-04,PF Alta Renda,20,33,10600.4,Internet Banking
C0453,2024-05,PF Alta Renda,20,32,13380.45,Internet Banking
C0453,2024-06,PF Alta Renda,20,37,15658.54,Internet Banking
C0454,2024-01,PF Varejo,32,6,773.18,App
C0454,2024-02,PF Varejo,32,7,782.74,App
C0454,2024-03,PF Varejo,32,4,382.01,App
C0454,2024-04,PF Varejo,32,2,289.62,App
C0454,2024-05,PF Varejo,32,0,0.0,App
C0454,2024-06,PF Varejo,32,0,0.0,App
C0455,2024-01,PF Varejo,50,9,816.46,App
C0455,2024-02,PF Varejo,50,9,1431.09,App
C0455,2024-03,PF Varejo,50,7,601.72,App
C0455,2024-04,PF Varejo,50,8,1008.46,App
C0455,2024-05,PF Varejo,50,7,767.36,App
C0455,2024-06,PF Varejo,50,9,1125.81,App
C0456,2024-01,PF Varejo,21,10,1430.85,App
C0456,2024-02,PF Varejo,21,10,706.32,App
C0456,2024-03,PF Varejo,21,9,893.93,App
C0456,2024-04,PF Varejo,21,12,1472.94,App
C0456,2024-05,PF Varejo,21,10,554.95,App
C0456,2024-06,PF Varejo,21,12,1302.07,App
C0457,2024-01,PJ Pequeno Negocio,74,31,7936.24,App
C0457,2024-02,PJ Pequeno Negocio,74,20,6139.0,App
C0457,2024-03,PJ Pequeno Negocio,74,30,12267.09,App
C0457,2024-04,PJ Pequeno Negocio,74,34,13205.84,App
C0457,2024-05,PJ Pequeno Negocio,74,30,8130.69,App
C0457,2024-06,PJ Pequeno Negocio,74,33,6461.24,App
C0458,2024-01,PF Varejo,43,11,1073.51,App
C0458,2024-02,PF Varejo,43,9,1127.37,App
C0458,2024-03,PF Varejo,43,12,1564.92,App
C0458,2024-04,PF Varejo,43,12,1783.54,App
C0458,2024-05,PF Varejo,43,10,1452.94,App
C0458,2024-06,PF Varejo,43,10,1133.83,App
C0459,2024-01,PF Alta Renda,33,17,4032.16,App
C0459,2024-02,PF Alta Renda,33,16,7193.07,App
C0459,2024-03,PF Alta Renda,33,11,3105.79,App
C0459,2024-04,PF Alta Renda,33,5,2117.04,App
C0459,2024-05,PF Alta Renda,33,1,400.95,App
C0459,2024-06,PF Alta Renda,33,1,338.81,App
C0460,2024-01,PF Varejo,47,9,1114.25,App
C0460,2024-02,PF Varejo,47,10,823.98,App
C0460,2024-03,PF Varejo,47,8,745.65,App
C0460,2024-04,PF Varejo,47,3,273.39,App
C0460,2024-05,PF Varejo,47,0,0.0,App
C0460,2024-06,PF Varejo,47,1,123.51,App
C0461,2024-01,PF Varejo,63,9,1141.11,Internet Banking
C0461,2024-02,PF Varejo,63,10,1083.11,Internet Banking
C0461,2024-03,PF Varejo,63,10,1032.78,Internet Banking
C0461,2024-04,PF Varejo,63,10,993.94,Internet Banking
C0461,2024-05,PF Varejo,63,10,1524.8,Internet Banking
C0461,2024-06,PF Varejo,63,11,1352.48,Internet Banking
C0462,2024-01,PF Varejo,35,10,1616.66,Internet Banking
C0462,2024-02,PF Varejo,35,9,733.87,Internet Banking
C0462,2024-03,PF Varejo,35,10,1227.2,Internet Banking
C0462,2024-04,PF Varejo,35,9,1028.39,Internet Banking
C0462,2024-05,PF Varejo,35,11,950.62,Internet Banking
C0462,2024-06,PF Varejo,35,11,935.52,Internet Banking
C0463,2024-01,PJ Pequeno Negocio,20,34,12749.31,App
C0463,2024-02,PJ Pequeno Negocio,20,43,8493.54,App
C0463,2024-03,PJ Pequeno Negocio,20,56,17250.63,App
C0463,2024-04,PJ Pequeno Negocio,20,53,9392.14,App
C0463,2024-05,PJ Pequeno Negocio,20,40,6931.2,App
C0463,2024-06,PJ Pequeno Negocio,20,35,12680.76,App
C0464,2024-01,PF Varejo,20,7,843.67,App
C0464,2024-02,PF Varejo,20,8,976.13,App
C0464,2024-03,PF Varejo,20,4,459.97,App
C0464,2024-04,PF Varejo,20,2,279.93,App
C0464,2024-05,PF Varejo,20,0,0.0,App
C0464,2024-06,PF Varejo,20,0,0.0,App
C0465,2024-01,PF Varejo,66,8,1052.45,App
C0465,2024-02,PF Varejo,66,9,1165.57,App
C0465,2024-03,PF Varejo,66,9,1394.13,App
C0465,2024-04,PF Varejo,66,9,1601.65,App
C0465,2024-05,PF Varejo,66,11,1073.57,App
C0465,2024-06,PF Varejo,66,8,505.46,App
C0466,2024-01,PF Alta Renda,24,31,15387.93,App
C0466,2024-02,PF Alta Renda,24,31,10027.78,App
C0466,2024-03,PF Alta Renda,24,28,17374.03,App
C0466,2024-04,PF Alta Renda,24,29,11478.33,App
C0466,2024-05,PF Alta Renda,24,24,8627.78,App
C0466,2024-06,PF Alta Renda,24,27,7474.19,App
C0467,2024-01,PF Varejo,54,8,1053.4,App
C0467,2024-02,PF Varejo,54,11,1498.99,App
C0467,2024-03,PF Varejo,54,9,1088.01,App
C0467,2024-04,PF Varejo,54,9,1164.32,App
C0467,2024-05,PF Varejo,54,10,321.06,App
C0467,2024-06,PF Varejo,54,10,807.46,App
C0468,2024-01,PJ Pequeno Negocio,39,29,8403.47,App
C0468,2024-02,PJ Pequeno Negocio,39,36,7737.16,App
C0468,2024-03,PJ Pequeno Negocio,39,30,7598.07,App
C0468,2024-04,PJ Pequeno Negocio,39,28,9584.78,App
C0468,2024-05,PJ Pequeno Negocio,39,23,3959.4,App
C0468,2024-06,PJ Pequeno Negocio,39,31,7679.04,App
C0469,2024-01,PF Varejo,62,8,1029.26,App
C0469,2024-02,PF Varejo,62,11,1658.19,App
C0469,2024-03,PF Varejo,62,11,1711.13,App
C0469,2024-04,PF Varejo,62,15,2657.92,App
C0469,2024-05,PF Varejo,62,14,2119.22,App
C0469,2024-06,PF Varejo,62,9,514.39,App
C0470,2024-01,PF Varejo,21,13,1430.82,App
C0470,2024-02,PF Varejo,21,16,2385.44,App
C0470,2024-03,PF Varejo,21,14,1868.43,App
C0470,2024-04,PF Varejo,21,10,1177.13,App
C0470,2024-05,PF Varejo,21,13,1547.29,App
C0470,2024-06,PF Varejo,21,14,1424.93,App
C0471,2024-01,PF Varejo,69,9,1744.1,App
C0471,2024-02,PF Varejo,69,11,1375.2,App
C0471,2024-03,PF Varejo,69,10,1372.75,App
C0471,2024-04,PF Varejo,69,9,1142.33,App
C0471,2024-05,PF Varejo,69,9,571.59,App
C0471,2024-06,PF Varejo,69,9,1285.52,App
C0472,2024-01,PF Varejo,57,8,1044.75,App
C0472,2024-02,PF Varejo,57,7,604.87,App
C0472,2024-03,PF Varejo,57,6,784.2,App
C0472,2024-04,PF Varejo,57,2,193.71,App
C0472,2024-05,PF Varejo,57,0,0.0,App
C0472,2024-06,PF Varejo,57,0,0.0,App
C0473,2024-01,PF Varejo,43,15,1226.91,Internet Banking
C0473,2024-02,PF Varejo,43,15,2694.05,Internet Banking
C0473,2024-03,PF Varejo,43,15,1452.73,Internet Banking
C0473,2024-04,PF Varejo,43,13,1037.86,Internet Banking
C0473,2024-05,PF Varejo,43,18,2445.62,Internet Banking
C0473,2024-06,PF Varejo,43,16,2223.24,Internet Banking
C0474,2024-01,PF Varejo,29,11,1248.79,App
C0474,2024-02,PF Varejo,29,11,1418.49,App
C0474,2024-03,PF Varejo,29,12,1326.8,App
C0474,2024-04,PF Varejo,29,13,1550.85,App
C0474,2024-05,PF Varejo,29,12,2079.84,App
C0474,2024-06,PF Varejo,29,15,1224.42,App
C0475,2024-01,PF Varejo,73,13,1251.11,App
C0475,2024-02,PF Varejo,73,9,923.75,App
C0475,2024-03,PF Varejo,73,8,1014.19,App
C0475,2024-04,PF Varejo,73,10,1071.37,App
C0475,2024-05,PF Varejo,73,10,693.2,App
C0475,2024-06,PF Varejo,73,9,606.78,App
C0476,2024-01,PF Varejo,35,10,746.33,Internet Banking
C0476,2024-02,PF Varejo,35,8,938.65,Internet Banking
C0476,2024-03,PF Varejo,35,7,726.89,Internet Banking
C0476,2024-04,PF Varejo,35,8,919.25,Internet Banking
C0476,2024-05,PF Varejo,35,8,1417.89,Internet Banking
C0476,2024-06,PF Varejo,35,7,949.78,Internet Banking
C0477,2024-01,PF Varejo,45,9,1181.77,App
C0477,2024-02,PF Varejo,45,9,562.76,App
C0477,2024-03,PF Varejo,45,9,1458.82,App
C0477,2024-04,PF Varejo,45,9,1077.72,App
C0477,2024-05,PF Varejo,45,10,1311.11,App
C0477,2024-06,PF Varejo,45,8,619.53,App
C0478,2024-01,PF Varejo,40,10,995.0,App
C0478,2024-02,PF Varejo,40,10,1242.06,App
C0478,2024-03,PF Varejo,40,10,772.36,App
C0478,2024-04,PF Varejo,40,11,1015.49,App
C0478,2024-05,PF Varejo,40,8,747.39,App
C0478,2024-06,PF Varejo,40,12,1445.37,App
C0479,2024-01,PF Varejo,31,8,1029.65,Internet Banking
C0479,2024-02,PF Varejo,31,9,792.51,Internet Banking
C0479,2024-03,PF Varejo,31,8,648.1,Internet Banking
C0479,2024-04,PF Varejo,31,9,929.68,Internet Banking
C0479,2024-05,PF Varejo,31,8,1072.94,Internet Banking
C0479,2024-06,PF Varejo,31,9,998.24,Internet Banking
C0480,2024-01,PF Varejo,41,8,630.57,App
C0480,2024-02,PF Varejo,41,9,1422.7,App
C0480,2024-03,PF Varejo,41,11,1518.25,App
C0480,2024-04,PF Varejo,41,10,1121.69,App
C0480,2024-05,PF Varejo,41,9,1186.37,App
C0480,2024-06,PF Varejo,41,10,933.7,App
C0481,2024-01,PF Varejo,26,4,429.3,App
C0481,2024-02,PF Varejo,26,3,224.96,App
C0481,2024-03,PF Varejo,26,2,364.07,App
C0481,2024-04,PF Varejo,26,1,85.15,App
C0481,2024-05,PF Varejo,26,0,0.0,App
C0481,2024-06,PF Varejo,26,0,0.0,App
C0482,2024-01,PF Varejo,18,12,1175.82,App
C0482,2024-02,PF Varejo,18,13,1575.64,App
C0482,2024-03,PF Varejo,18,8,788.12,App
C0482,2024-04,PF Varejo,18,10,1232.73,App
C0482,2024-05,PF Varejo,18,11,1524.73,App
C0482,2024-06,PF Varejo,18,11,1426.25,App
C0483,2024-01,PF Varejo,34,7,796.71,App
C0483,2024-02,PF Varejo,34,8,398.16,App
C0483,2024-03,PF Varejo,34,9,801.28,App
C0483,2024-04,PF Varejo,34,5,784.78,App
C0483,2024-05,PF Varejo,34,8,524.29,App
C0483,2024-06,PF Varejo,34,8,749.02,App
C0484,2024-01,PF Varejo,24,5,743.61,App
C0484,2024-02,PF Varejo,24,6,677.67,App
C0484,2024-03,PF Varejo,24,5,475.62,App
C0484,2024-04,PF Varejo,24,6,470.64,App
C0484,2024-05,PF Varejo,24,7,633.2,App
C0484,2024-06,PF Varejo,24,6,925.67,App
C0485,2024-01,PF Varejo,41,10,1017.39,App
C0485,2024-02,PF Varejo,41,9,896.96,App
C0485,2024-03,PF Varejo,41,10,690.64,App
C0485,2024-04,PF Varejo,41,10,1307.19,App
C0485,2024-05,PF Varejo,41,9,1274.94,App
C0485,2024-06,PF Varejo,41,9,1169.18,App
C0486,2024-01,PF Varejo,67,13,963.09,App
C0486,2024-02,PF Varejo,67,16,1819.75,App
C0486,2024-03,PF Varejo,67,19,2759.64,App
C0486,2024-04,PF Varejo,67,15,1644.61,App
C0486,2024-05,PF Varejo,67,16,2090.13,App
C0486,2024-06,PF Varejo,67,13,1890.61,App
C0487,2024-01,PF Varejo,27,10,1329.61,App
C0487,2024-02,PF Varejo,27,9,803.44,App
C0487,2024-03,PF Varejo,27,9,1049.46,App
C0487,2024-04,PF Varejo,27,9,871.29,App
C0487,2024-05,PF Varejo,27,9,1733.09,App
C0487,2024-06,PF Varejo,27,8,786.27,App
C0488,2024-01,PF Varejo,18,13,2033.87,App
C0488,2024-02,PF Varejo,18,17,1749.2,App
C0488,2024-03,PF Varejo,18,16,2567.18,App
C0488,2024-04,PF Varejo,18,10,886.17,App
C0488,2024-05,PF Varejo,18,11,1723.65,App
C0488,2024-06,PF Varejo,18,12,1281.01,App
C0489,2024-01,PF Varejo,24,7,720.2,App
C0489,2024-02,PF Varejo,24,8,856.92,App
C0489,2024-03,PF Varejo,24,8,1341.21,App
C0489,2024-04,PF Varejo,24,7,764.46,App
C0489,2024-05,PF Varejo,24,7,715.32,App
C0489,2024-06,PF Varejo,24,8,1366.85,App
C0490,2024-01,PF Varejo,46,16,2671.15,App
C0490,2024-02,PF Varejo,46,15,2161.15,App
C0490,2024-03,PF Varejo,46,18,3051.37,App
C0490,2024-04,PF Varejo,46,16,2079.79,App
C0490,2024-05,PF Varejo,46,14,1628.96,App
C0490,2024-06,PF Varejo,46,13,1662.34,App
C0491,2024-01,PF Alta Renda,33,33,7881.98,Internet Banking
C0491,2024-02,PF Alta Renda,33,27,15916.32,Internet Banking
C0491,2024-03,PF Alta Renda,33,21,11515.6,Internet Banking
C0491,2024-04,PF Alta Renda,33,11,3343.87,Internet Banking
C0491,2024-05,PF Alta Renda,33,2,815.24,Internet Banking
C0491,2024-06,PF Alta Renda,33,2,940.62,Internet Banking
C0492,2024-01,PF Varejo,45,11,1415.54,App
C0492,2024-02,PF Varejo,45,11,1313.29,App
C0492,2024-03,PF Varejo,45,9,1120.46,App
C0492,2024-04,PF Varejo,45,11,1740.76,App
C0492,2024-05,PF Varejo,45,11,1577.84,App
C0492,2024-06,PF Varejo,45,11,1944.72,App
C0493,2024-01,PF Alta Renda,19,27,13213.59,App
C0493,2024-02,PF Alta Renda,19,38,16917.86,App
C0493,2024-03,PF Alta Renda,19,27,9489.94,App
C0493,2024-04,PF Alta Renda,19,36,12516.03,App
C0493,2024-05,PF Alta Renda,19,37,19567.02,App
C0493,2024-06,PF Alta Renda,19,29,17089.74,App
C0494,2024-01,PF Varejo,36,9,862.7,App
C0494,2024-02,PF Varejo,36,10,1479.23,App
C0494,2024-03,PF Varejo,36,7,911.1,App
C0494,2024-04,PF Varejo,36,3,429.58,App
C0494,2024-05,PF Varejo,36,0,0.0,App
C0494,2024-06,PF Varejo,36,0,0.0,App
C0495,2024-01,PF Alta Renda,41,18,4708.99,App
C0495,2024-02,PF Alta Renda,41,15,5343.1,App
C0495,2024-03,PF Alta Renda,41,17,4115.95,App
C0495,2024-04,PF Alta Renda,41,16,8414.31,App
C0495,2024-05,PF Alta Renda,41,19,10390.07,App
C0495,2024-06,PF Alta Renda,41,19,5191.53,App
C0496,2024-01,PF Varejo,42,10,1108.79,App
C0496,2024-02,PF Varejo,42,13,1381.22,App
C0496,2024-03,PF Varejo,42,11,1640.87,App
C0496,2024-04,PF Varejo,42,11,881.22,App
C0496,2024-05,PF Varejo,42,9,766.47,App
C0496,2024-06,PF Varejo,42,13,1975.03,App
C0497,2024-01,PF Varejo,49,9,1209.46,App
C0497,2024-02,PF Varejo,49,8,1113.58,App
C0497,2024-03,PF Varejo,49,11,1673.44,App
C0497,2024-04,PF Varejo,49,7,745.45,App
C0497,2024-05,PF Varejo,49,10,826.08,App
C0497,2024-06,PF Varejo,49,9,1189.42,App
C0498,2024-01,PF Varejo,62,13,1402.18,App
C0498,2024-02,PF Varejo,62,8,1131.06,App
C0498,2024-03,PF Varejo,62,8,962.42,App
C0498,2024-04,PF Varejo,62,11,1776.7,App
C0498,2024-05,PF Varejo,62,12,1069.59,App
C0498,2024-06,PF Varejo,62,9,1431.79,App
C0499,2024-01,PF Varejo,44,7,795.82,Internet Banking
C0499,2024-02,PF Varejo,44,8,1095.38,Internet Banking
C0499,2024-03,PF Varejo,44,8,970.15,Internet Banking
C0499,2024-04,PF Varejo,44,8,901.55,Internet Banking
C0499,2024-05,PF Varejo,44,8,473.17,Internet Banking
C0499,2024-06,PF Varejo,44,9,920.48,Internet Banking
C0500,2024-01,PF Varejo,65,17,1820.64,Internet Banking
C0500,2024-02,PF Varejo,65,18,1847.86,Internet Banking
C0500,2024-03,PF Varejo,65,15,2421.26,Internet Banking
C0500,2024-04,PF Varejo,65,19,1634.84,Internet Banking
C0500,2024-05,PF Varejo,65,19,2114.06,Internet Banking
C0500,2024-06,PF Varejo,65,17,1432.95,Internet Banking
